類別,店名,日文店名,地址,緯度,經度,直線距離（km）,評分,評論數,價位等級,營業時間,交通時間（分鐘）,步行時間（分鐘）,換乘次數,Google Maps連結,店家網站,照片資源
觀光景點,方丈庭園,方丈庭園,〒606-8435 京都府京都市左京区南禅寺福地町,35.0112287,135.7944519,4.3,4.5,176,,月曜日: 8時40分～16時30分 | 火曜日: 8時40分～16時30分 | 水曜日: 8時40分～16時30分 | 木曜日: 8時40分～16時30分 | 金曜日: 8時40分～16時30分 | 土曜日: 8時40分～16時30分 | 日曜日: 8時40分～16時30分,,,,https://maps.google.com/?cid=8075739970196172134&g_mp=Cidnb29nbGUubWFwcy5wbGFjZXMudjEuUGxhY2VzLlNlYXJjaFRleHQQAhgEIAA,https://nanzenji.or.jp/equipment/garden,places/ChIJVVVlYyEJAWARZm33PbfKEnA/photos/Ab43m-veu2e0DukeOVUWHgd7_dEDfMwIZvIX_Lz8-72TZhmKNT_YKBYAstP4gcTbdp1vGIF6LLhcpTeFDg1QRAvPqCusymxjaPI7ZCDpI-djUFoSv-9Hdcdjdv1FJfukUOF-GSReoep5CwSfukiCSSO40k_VeHQ5edBmjQ5c4DQuQfim8wvwkH7LAxJyrDDSUuQ2z6f4sHx1f-BxsKFA8oAJr6VCICqTRvUdNggePFlsRPjC4Fpz8CoAFjxbxYK7Tn8AHi6_rjTy4lMt_9dEiuZ1N0mGq8mdfjr0TNLVX05wrn8_g4JqxvetxI_BJOtCifx59yyn-m457ZU1fh7qTDGzlc-1aGpSpsZUF5CSPpDTIWVImQuGwsH34rG472rY9KAPLAnWja3w64FklTwabSfRVTjvrbjQSWRvCNzff0Z26oTkntc
觀光景點,知恩院三門,知恩院三門,〒605-0062 京都府京都市東山区林下町４００,35.004811,135.7818215,2.98,4.7,141,,月曜日: 6時00分～16時00分 | 火曜日: 6時00分～16時00分 | 水曜日: 6時00分～16時00分 | 木曜日: 6時00分～16時00分 | 金曜日: 6時00分～16時00分 | 土曜日: 6時00分～16時00分 | 日曜日: 6時00分～16時00分,,,,https://maps.google.com/?cid=9745414742419526154&g_mp=Cidnb29nbGUubWFwcy5wbGFjZXMudjEuUGxhY2VzLlNlYXJjaFRleHQQAhgEIAA,https://www.chion-in.or.jp/,places/ChIJ6Rsj4bUJAWARClLFJhOrPoc/photos/Ab43m-tl7tZoFRS-XUtlCFvtGMwKFkqHLfovMitP3526Jbzj-ckmA8F_lt8qdu8M8J-UnPXp3JWc41cM34KhIKZ9ZtgWe1F-bgXclrUYwk8WnaMJlnWtolPqf407U--y5W2L6Ewni2QbaTmNqOFodlA3u7UGMC960pvL5sAvg6-AZZovErdjWGs0I1eCtS4qxbn1XbW41cq5HI7_Z4y8VAQ-iPkLAut1itAldi0H7dYeJm4G73pQVTdboCzJ522gc-TcoBRybt7FYAnEkz8JKBfe1kdvXAReCp7Mo3mklI2ZKFs0zM7Dxu3ZqiGVvjfXi878c7_Cgrk1bjjKJcKTFTNWQsxqb-Atxxqmh7_VItvdG0I54NrdEBTtkzAa-_c1Tp3Zp2DbxhWOAPk3GphJj6NOySNQ7ar9KbUJNSFWgMjodJxsyt0A
寺廟,平等院,平等院,〒611-0021 京都府宇治市宇治蓮華１１６,34.8892908,135.8076783,11.63,4.5,21882,,月曜日: 8時45分～17時30分 | 火曜日: 8時45分～17時30分 | 水曜日: 8時45分～17時30分 | 木曜日: 8時45分～17時30分 | 金曜日: 8時45分～17時30分 | 土曜日: 8時45分～17時30分 | 日曜日: 8時45分～17時30分,,,,https://maps.google.com/?cid=6954706348575164324&g_mp=Cidnb29nbGUubWFwcy5wbGFjZXMudjEuUGxhY2VzLlNlYXJjaFRleHQQAhgEIAA,https://www.byodoin.or.jp/,places/ChIJqyva4AwRAWARpAf6j5MUhGA/photos/Ab43m-v3lT5BZHVOrRgiMbx2RdA5iuWrDEEjx0kahobEXFsIIVV23LwkdEx_n2Z8-XRvi28ZRAWPgJeNLpo2tEhPltO0_0Grh1bSK73UxFFMK7yOMEMkXI59tg2viiQ9-cp9tG0Zfe0YT96LLYJkth8B01BvBRDG57JkoTLnWH0GgW_blKoxb_KWJxrGqUYR2jgdgyuSFC5t0IrGiip75XnJKgfGkmDOd4A9GkiHg7V-zzzXeTWOkFnpCffYbj177ftrID7eYYGARbtxqfBeuGgX3VthiZWmP3E94H9kNxv5duuLnJVzQ-uU08oOqvSwvG20kSCoa2ux_rwQ6fL6JDP6hJzdFmvJumC35wDreP9ZwI4NIiwlWQFe5jSPX0BNyoeyP_VZuU2CCUtrL96rZwi_xHp38hgMH5qBlg4MfeyWTr1Q7Q
寺廟,三十三間堂,三十三間堂,〒605-0941 京都府京都市東山区三十三間堂廻り６５７,34.9878845,135.7717126,1.2,4.7,16805,,月曜日: 8時30分～17時00分 | 火曜日: 8時30分～17時00分 | 水曜日: 8時30分～17時00分 | 木曜日: 8時30分～17時00分 | 金曜日: 8時30分～17時00分 | 土曜日: 8時30分～17時00分 | 日曜日: 8時30分～17時00分,,,,https://maps.google.com/?cid=12261896522956084872&g_mp=Cidnb29nbGUubWFwcy5wbGFjZXMudjEuUGxhY2VzLlNlYXJjaFRleHQQAhgEIAA,http://www.sanjusangendo.jp/,places/ChIJs4Cbj8oIAWARiBZl2-sBK6o/photos/Ab43m-s9AJuYc1Z4RKqLqQYN7YHz2zb6NtK6SWBlhzB6SvV9n4Iya2KmvQ5ZBFASOTE2Z0h6AEOWgbx-leXYRqSLXVMEW9UJKnLbKFT9m1MyT5pHVVGiFvuDDwnC1rbSojUWU8L_bweHAKl30vuZaOBGS1EPb-XUpGwIUvppWEosAjyqaGUrefoi5WNMRTNLPNCPqLXuVr80H285JomEpGOiSOc8BwnS4SHzv_0ld1ZMxBsEA_MKlxn9e6Yxu0j8GP_mNSrYV0WQ4P17X4q06aoj04pKYJirQGwcLmv9qyVHS8YGh9jMkeij0ZZzs6k-yo25L_RtCM-W8Uo9Qe3u_ysOEvmHclaFYUCjmsZLPit_u4w1uKgfTVJpHq4vlM5-odTXQMy_a6H4IQEy6ueOjtDQ_HoCKAjAFjc6zl6o5wMoYbs9wZxmIGM7QuuPaU5IgB99
寺廟,南禅寺,南禅寺,〒606-8435 京都府京都市左京区南禅寺福地町８６,35.0114138,135.7944841,4.32,4.5,12287,,月曜日: 8時40分～16時30分 | 火曜日: 8時40分～16時30分 | 水曜日: 8時40分～16時30分 | 木曜日: 8時40分～16時30分 | 金曜日: 8時40分～16時30分 | 土曜日: 8時40分～16時30分 | 日曜日: 8時40分～16時30分,,,,https://maps.google.com/?cid=4085672666846396493&g_mp=Cidnb29nbGUubWFwcy5wbGFjZXMudjEuUGxhY2VzLlNlYXJjaFRleHQQAhgEIAA,https://nanzenji.or.jp/,places/ChIJ_fuXcyEJAWARTQDnx6Q5szg/photos/Ab43m-uS5GyZcXP7vDy0pCRB7QCOEpqAJQrE2dLR_Ih-9M89KTmqyaa9EG6JElShXvLHm2deh7y_ECL_copZIqn4i0GVAJsjXr-tUdhcS2p-fc83ZpNF_I2dsGNMlCsjGKY7CGkvtN2ol63W8f4WdePojxvzXBlhcGKn2R65z6-yoAuDiMfB_Z9y-mgp7zBzhV95uZWhiehe_YAYwbjFWmXgRKtgXqkjsvRhjUwqhLOeP-gYj7O40maM91rnVlI8e7eM-kaIQcBm0vBtCDWuyNYbvvCArqKqZZznLkBTjsK4ZgBrBkfJt6xASGcXTNDDyCeG7FP5-MX1EjxlxsWQLCTjpp4TXIAqG57NAIiQIz3lKB-_zY5ZZb3JVlajBh4KhkAawxV8s0S_K21nGBDmji9d_wGaMf6fZ65OSUFCtcjkX2m1-HqaH0NSvsDGdBOYhfg1
寺廟,龍安寺,龍安寺,〒616-8001 京都府京都市右京区龍安寺御陵ノ下町１３,35.0344943,135.71826339999998,6.55,4.5,11096,,月曜日: 8時00分～17時00分 | 火曜日: 8時00分～17時00分 | 水曜日: 8時00分～17時00分 | 木曜日: 8時00分～17時00分 | 金曜日: 8時00分～17時00分 | 土曜日: 8時00分～17時00分 | 日曜日: 8時00分～17時00分,,,,https://maps.google.com/?cid=16261116435795248450&g_mp=Cidnb29nbGUubWFwcy5wbGFjZXMudjEuUGxhY2VzLlNlYXJjaFRleHQQAhgEIAA,http://www.ryoanji.jp/,places/ChIJp7ocMCqoAWARQoXXRj4Xq-E/photos/Ab43m-tqX6a0-86m_jRVdzts-qNst0LEa0X45N-sqTEQRzqhH6UdRWFpoD6VM8JkVJO8HYA7iI6sZBEMAKb6m6_Q2hj1KjWUim51kcpMrNWG4jDGLLrS6rjJ0DoeavPxpL_S7-Olr5PKDL-FlE50MbdNgjH9MmUer9-TDA1J1c61PG2hPGAyyWZRb9YE6-3-pIG7EWprZnLdwgZnnVFIyfcOQ7nmaufHhbo99t3H73rP_I5YRIhVQaSvF4z2sIgUJzEwqHnn55pnAtbhlrjB5qPs61zujEwASthWDSz8Ye35OhNQL4WKUPtpOML269yd6Q-jucws18l2t1-Us9VmA4L4lC2B8NItjkmaYucX0R_uNjWO56vNLkDYQu7WIH1f03u54Ltbryoab6LhtM3-tjiGdWMR2Flb6ZqjOHHJgyf4Q_iHKw
寺廟,仁和寺,仁和寺,〒616-8092 京都府京都市右京区御室大内３３,35.03109370000001,135.71381979999998,6.49,4.4,7760,,月曜日: 9時00分～17時00分 | 火曜日: 9時00分～17時00分 | 水曜日: 9時00分～17時00分 | 木曜日: 9時00分～17時00分 | 金曜日: 9時00分～17時00分 | 土曜日: 9時00分～17時00分 | 日曜日: 9時00分～17時00分,,,,https://maps.google.com/?cid=16869319989750642499&g_mp=Cidnb29nbGUubWFwcy5wbGFjZXMudjEuUGxhY2VzLlNlYXJjaFRleHQQAhgEIAA,https://ninnaji.jp/,places/ChIJh1Gu838HAWARQ7d7NyfdG-o/photos/Ab43m-uYY1Rb04Dyc3508f6Om8SC1jiucRPhwPuXPuP49KP7n-5vyerTznR3wknU76hZDuTASueyvTTOcE3b-OJQ_oV33_A354uDJ4A9sUsWNIcP35BT0IHlscTNcQhPxinnYrlQa7MxZPOp7Htu2oQCP_RFcIGBaFjHmalSPKrJmdwHJJwMQWU5R3jWdkBZl8TljFExqe4TTB2oTx025t_-bevj_xm2iqOMFYP_pcCzU44dcPSU2-TLzlxaAXCROzIj-Pli1o_4JcAExVBieMmElvjAagmRLgIkeciRA7Yh277r9gD-pwP9wySQP7jiL0sG4SgC2244rkSL-xRNN6I4msuTSmtb7pBuInN5jvhq_fS8k3RWEbVvqY7y06lyhqpGymLZZEoBkaLV9jte0nUrtl6NwBrB3c0fi0db15F3Xh3a7FdP
寺廟,醍醐寺,醍醐寺,〒601-1325 京都府京都市伏見区醍醐東大路町２２,34.9511172,135.8193543,6.74,4.4,5928,,月曜日: 9時00分～16時30分 | 火曜日: 9時00分～16時30分 | 水曜日: 9時00分～16時30分 | 木曜日: 9時00分～16時30分 | 金曜日: 9時00分～16時30分 | 土曜日: 9時00分～16時30分 | 日曜日: 9時00分～16時30分,,,,https://maps.google.com/?cid=10444538046545984314&g_mp=Cidnb29nbGUubWFwcy5wbGFjZXMudjEuUGxhY2VzLlNlYXJjaFRleHQQAhgEIAA,https://www.daigoji.or.jp/?utm_source=googlemybusiness&utm_medium=cpv&utm_campaign=20190601,places/ChIJuXbdnQ0OAWAROvtsCwR08pA/photos/Ab43m-vnVVDxy7s2q-oiVutUWAR1tCevLTD-j44k8-3X3rBH4SWYDaQP7CVP-Vymp_fPJ_bPlUPkeN_Gyp6uxqw4WX_SRoUvbBIIxztt_Obq3N5GIpJMTaefWsF8CEBWLsxfAy4uD2ISW17O0Ml_9SYXxUTTy2a4zu4dqagbfcxJ0iu5JdI1Wz-bECwIWu9n1gukQRUJtmrXG9fsvQqAo3HClybk1RcDPZlvsV0dFnZrvztldtUXMZsn7GX8L2lE04WZr006ifKt8gNn0I-jrTYpk0Cv7lsaHOLYa0mY76vaE9TY48ZlL_wyK1xHVrEpeJkohgAT6qzFfcj5dH8RlzCysvG1DTNyFbizYQ_NltVacvg23Gk7qRv10rX64HSs53dMPd_8keJuZ_TmYdYUqIWIjl9XciD6IvqKIZczo7I-QizeNpw1rMIptf9UxJ9UEg
寺廟,西源院,西源院,〒616-8001 京都府京都市右京区龍安寺御陵ノ下町,35.0337613,135.71790869999998,6.5,4.2,279,,月曜日: 11時00分～15時00分 | 火曜日: 11時00分～15時00分 | 水曜日: 定休日 | 木曜日: 定休日 | 金曜日: 11時00分～15時00分 | 土曜日: 11時00分～15時00分 | 日曜日: 11時00分～15時00分,,,,https://maps.google.com/?cid=3682759279630026169&g_mp=Cidnb29nbGUubWFwcy5wbGFjZXMudjEuUGxhY2VzLlNlYXJjaFRleHQQAhgEIAA,http://www.ryoanji.jp/smph/index.html,places/ChIJq6rOPyqoAWARuQWffw3KGzM/photos/Ab43m-scOgTaDD2NWxS4dNykp4u8MIpY0w014OEvD6AnKyrRmwn5zoZPbChzLNRQ9LKkTl5kHsKRC7dBj1C4wkUFrNKW9KXHnXrDmz4oWcd-CC19vJ9ggPllNfd5aajB07JH8E2Ff4RD4kuOTZRa7tb_t4aRkmCmSaH9F2Gd4RtgN4gf6jh92Zgnx-yVhI1jI9i_6-PoPwV3XQEYcCqSud9_M7uGFtMX8u8x2USMjVfvS6WpU0hCnFj30F9aEl9A-XqirvCAz0OYddVTDrhDqy1lGRqw0-BL-f3GFyJxxlX6TCnX5vhxuDIYf2-vmt5PlPw-e1D_tK4d_CDBdGMemynKlLKJjBq5QBXKNuqwaqWqnHLsftRHQLs_WQSETUs8Y5XOCyZN4JQFhXPwMzt8R7OeOd7HwEH6K4fFbyA_VuxGU5HtW3CBxtqXuunmqLKZ2uJJ
寺廟,僧伽小野 京都浄教寺,僧伽小野 京都浄教寺,〒600-8031 京都府京都市下京区寺町通四条下る貞安前之町６２０ 三井ガーデンホテル京都河原町浄教寺 2F,35.002959499999996,135.7672044,2.05,4.3,101,,"月曜日: 6時30分～15時30分, 17時00分～21時30分 | 火曜日: 6時30分～15時30分, 17時00分～21時30分 | 水曜日: 6時30分～15時30分, 17時00分～21時30分 | 木曜日: 6時30分～15時30分, 17時00分～21時30分 | 金曜日: 6時30分～15時30分, 17時00分～21時30分 | 土曜日: 6時30分～15時30分, 17時00分～21時30分 | 日曜日: 6時30分～15時30分, 17時00分～21時30分",,,,https://maps.google.com/?cid=13346585093073781948&g_mp=Cidnb29nbGUubWFwcy5wbGFjZXMudjEuUGxhY2VzLlNlYXJjaFRleHQQAhgEIAA,https://kdnz600.gorp.jp/,places/ChIJ9-t60pUIAWARvMQvzW2YOLk/photos/Ab43m-uLyu82ThDyRlO7I888CdDrWfZkVL1UM_p3VvgeAKTH2B7BPZsT5xxdutQCe89xSIqe_9VJxrEP0gcDuctP0StWat4cWLsvCdj2XwUPD6K4LNUIkL_w668J3CoxzDo8Ml8aLalAmHdMGPQghxqgNtNeohTNTpFzbgXc9qLa7270FHjX3w7ovELpVo_HnVzlNTptwf9dWa_u32aYBPaJAEQWlrk9HLGdbtnPHMKwkaZAJbJ9ZDj-7XCZRg5Ly2sJFRULVZqbk3qjnuMXWQE3gBmq-7ITv_pxKazt6fE60nilMQ
寺廟,銀閣寺,銀閣寺,〒606-8402 京都府京都市左京区銀閣寺町２,35.0270213,135.7982058,5.82,4.5,17148,,月曜日: 8時30分～17時00分 | 火曜日: 8時30分～17時00分 | 水曜日: 8時30分～17時00分 | 木曜日: 8時30分～17時00分 | 金曜日: 8時30分～17時00分 | 土曜日: 8時30分～17時00分 | 日曜日: 8時30分～17時00分,,,,https://maps.google.com/?cid=2705196751698570185&g_mp=Cidnb29nbGUubWFwcy5wbGFjZXMudjEuUGxhY2VzLlNlYXJjaFRleHQQAhgEIAA,https://www.shokoku-ji.jp/ginkakuji/,places/ChIJ4W9CCwUJAWARyauI6BzKiiU/photos/Ab43m-vyObF8da81bbpkILJtzvY5RlEUnA9PcWsHTsRedpFs3M7sUa-RLAbEEftroRpifzMjtc2WKtYNVvLPDFR9eLUBOF7DwBTEawXVbwSLCPVy8u3mJSeAsT1SmLa8dkFLEFufgSZNQQZP82nAGxg-itGkLnrEt6K8xOUhkt5pRI87a1PUTYOEDtvpCCmS2f5hlnsTydOTRiUQZ1octL2YRV96JYt46OokTGWYu62ENBTOLPARAG7L6LyWEy12YSfx98GICsSQprZYYKn_15PfSO-Z3oYSxtdwtFozVxpk0PTILUX0aLekZe7JEelt4xKCxOr0fF4CT-9IU0JcjD2RFGrXK2Z8FzWev2MiM6EtcKouBZ0xLrgb120hJ4Lq2KGczQjnrlcjFKbDRZHoq2772skhm2Y9IfQjS4fUKZR-iStue3VA
寺廟,鞍馬寺,鞍馬寺,〒601-1111 京都府京都市左京区鞍馬本町１０７４,35.1181404,135.7708892,14.75,4.6,5510,,月曜日: 9時00分～16時00分 | 火曜日: 9時00分～16時00分 | 水曜日: 9時00分～16時00分 | 木曜日: 9時00分～16時00分 | 金曜日: 9時00分～16時00分 | 土曜日: 9時00分～16時00分 | 日曜日: 9時00分～16時00分,,,,https://maps.google.com/?cid=5775934134642836536&g_mp=Cidnb29nbGUubWFwcy5wbGFjZXMudjEuUGxhY2VzLlNlYXJjaFRleHQQAhgEIAA,http://www.kuramadera.or.jp/,places/ChIJnTF3sxKmAWAROIRwRX49KFA/photos/Ab43m-uyKvdk50JALBqT0vhpCeZkCeJFF63YEiO1r9IwlcAJBfMKRva3Lp0LSgjLa2tB6j5G0yvcH0TT2FIiC16pXMg8nWmEupbiAs6Uu_LkyiilDSv4kZsCzavyCCNFyMAhdZheibRJsB1YacObmiH0C2gAHeuuq9fu3o_tC7jZ0dPE3DfMCy_EBHSGQhYUW7SzkLrEoXKGT2dah0BTQKS7nLdSo4C83qTj7maNLuUkE-Nlq53bFTNBaM_cQUUTsxk2b8XZ7q_feREQsP7P9Tw9mmxG3CiXDhKq649Lo9dCJTLXxI2ghdeGs1vqyHye3v473L0rcuZMYHMXTPH8nrXmYnc0cqs-5NsCZj4r1qQ9Nlq--jvPA4XI6kdjQxEml6jMIY27dMRwxXi6L9mo275UM88BU3OCv0e-5W7Fy1bUCZ8
寺廟,蹴上インクライン,蹴上インクライン,京都府京都市 蹴上インクライン,35.0094992,135.7896159,3.85,,,,,,,,https://maps.google.com/?cid=14654950897054931277&g_mp=Cidnb29nbGUubWFwcy5wbGFjZXMudjEuUGxhY2VzLlNlYXJjaFRleHQQAhgEIAA,,
寺廟,萬福寺,萬福寺,〒611-0011 京都府宇治市五ケ庄三番割３４,34.9137675,135.8058509,9.09,4.4,2037,,月曜日: 9時00分～17時00分 | 火曜日: 9時00分～17時00分 | 水曜日: 9時00分～17時00分 | 木曜日: 9時00分～17時00分 | 金曜日: 9時00分～17時00分 | 土曜日: 9時00分～17時00分 | 日曜日: 9時00分～17時00分,,,,https://maps.google.com/?cid=12704707028814983097&g_mp=Cidnb29nbGUubWFwcy5wbGFjZXMudjEuUGxhY2VzLlNlYXJjaFRleHQQAhgEIAA,https://www.obakusan.or.jp/,places/ChIJ2fScokwwVTURue_s87ovULA/photos/Ab43m-uRk3TSYNmfOjxDWJkV5Ft8WVDAgVeydmEtemJUppIMAndldSMq_Ln9qAOj3hsSYD5svWvuRJIy0tqBke9fcK50e2Bt75GfnP7lZSaTqCssXX9PcxJ_-mKTbSOWU9Ntfi3t-xaDEtEneZ7oxykcVCXJgpfXog0Uut2_cSZqO3yBdJP6zVszifNWkhJ90USYYVN0RftcwWQAQHEFccgWZbT1nxTfd_wtf0wBU5rY5G-09ZyfW8zjD6muylb6_5ZhH63w_txr5rXmWn5_ucpX0e4SAKgrZvaPaRNFHe3zFsPrZV7lrTd4ctAt1J-rz1Ypx1Avj9AluWj5wG6G0kYAMdMSqQnsMCgPiBTJUtT1GGzqQHhYbDMewnsjCWRSfmQJzgtqVEvGQaROAfT-OKHf9fWkeqc-zIVFh2NNNZmAxWKvnQ
寺廟,東寺,東寺,〒601-8473 京都府京都市南区九条町１,34.9803395,135.7476935,1.18,4.5,19394,,月曜日: 8時00分～17時00分 | 火曜日: 8時00分～17時00分 | 水曜日: 8時00分～17時00分 | 木曜日: 8時00分～17時00分 | 金曜日: 8時00分～17時00分 | 土曜日: 8時00分～17時00分 | 日曜日: 8時00分～17時00分,,,,https://maps.google.com/?cid=15271193799445412112&g_mp=Cidnb29nbGUubWFwcy5wbGFjZXMudjEuUGxhY2VzLlNlYXJjaFRleHQQAhgEIAA,https://toji.or.jp/,places/ChIJTar7hQQGAWAREHkXsNkt7tM/photos/Ab43m-viVnSSppGQPTUQg0_jXtlzUE4FQFyO7JGxLBpVnUx-3gb6W3O_pYr3OeKbHtGSYConPEVdl6EyaH3oCk6UPKv9cVUhuGDu6Hg8g4-8_gEr8YxNQBDeMlf58ZjtFc2XqfP3PrAqg28UpVkVGX7wyDV6eWDhDx2x8kicoNcpzeat3hesJaDYE8RufWgZbjrRdpWYNeoNB2PNshdtJfIOWhlwH6ijNsnTcP4Mv9VzsHq72wkKlx2CEjV3luaVxb4JzkujoOMkZRKLCGvY1BGPlh42aWaJDOvjbADIkJ_nMz3YP97nm1b24VJUmIJH9-Vw2yvsauU4E5hhFL95XRr1l7pp-fc6we9yZixqn_hiAiuDlNRyVgy73pxCP8JGm6t6bgDY2kxxMxQBPvIWgRH7Mant_GY3lpWChrInzuRISeJJW8hmRNPKKjJXVBo0HQ
寺廟,妙心寺,妙心寺,〒616-8035 京都府京都市右京区花園妙心寺町１,35.023015699999995,135.7198525,5.44,4.4,2656,,月曜日: 9時00分～16時00分 | 火曜日: 9時00分～16時00分 | 水曜日: 9時00分～16時00分 | 木曜日: 9時00分～16時00分 | 金曜日: 9時00分～16時00分 | 土曜日: 9時00分～16時00分 | 日曜日: 9時00分～16時00分,,,,https://maps.google.com/?cid=740250122733024294&g_mp=Cidnb29nbGUubWFwcy5wbGFjZXMudjEuUGxhY2VzLlNlYXJjaFRleHQQAhgEIAA,https://www.myoshinji.or.jp/,places/ChIJaZTeEpsHAWARJvRwipDlRQo/photos/Ab43m-vyVz0EAcTKHLTwTdxyFnyl3HdhOPPrnsr91sufpMgHtXwhUKyozFzyB9J0hI_rFPSBYaY_Sm6XynWxEDLPxhiwvGS_xDRQUy8_0vtjFmtulZ0vBnTraU1tjg0Wu2skNScoEcYp0S6RiseivaLKFJ2vrFJXGTTUab397OEXXmuj4UnrnvVm5UuO1KqKr9BW86Uy2RnANy5sgM90kc2nb01X1WsArzMpkHjkGVp-pH8utjGjrWrqUXVleh6wxUACgm7g3XfDUAo_83DywAUAhRze9qNAxs1Axy54wYrXZhhsg_qxQtH8Zq_8cy_PuP9Lr5lIwYciMCsQM6vY9U-dJKfOvnJy64oiT2Ol783HZzsZeEqJVaQl61ymrqwhcqh7d7ENY--XiIqPKxX6qZP_eY-NgByDhG1LFS96QXJq2YQEBclH
寺廟,妙心寺 退蔵院,妙心寺 退蔵院,〒616-8035 京都府京都市右京区花園妙心寺町３５,35.021789999999996,135.719281,5.38,4.5,1044,,月曜日: 9時00分～17時00分 | 火曜日: 9時00分～17時00分 | 水曜日: 9時00分～17時00分 | 木曜日: 9時00分～17時00分 | 金曜日: 9時00分～17時00分 | 土曜日: 9時00分～17時00分 | 日曜日: 9時00分～17時00分,,,,https://maps.google.com/?cid=8500683599707086782&g_mp=Cidnb29nbGUubWFwcy5wbGFjZXMudjEuUGxhY2VzLlNlYXJjaFRleHQQAhgEIAA,http://www.taizoin.com/,places/ChIJx3N9gZsHAWARvp-HBLJ--HU/photos/Ab43m-sBpmH59_3cCnjrx3QVjW6DoPpb2sr9hWancFiInyTegxc86cUKnSGhZTePY-mryMbUzewUBUbF72uODqWOoFS4Cz0KTbM_J7f4XN10LfJyC9QnUH4Kx7_xYvMfzW9khh5-tnFf65OW6gpbtKTo_6m6_VV5KCI7jbSrKbqN1CR7WMvVv8fohgpePHkkMOURFs-XJ9dngoBqrVH61eLr_Q5FX0fo8r2-ApGaa19KsJOrnxsVPxPpqxfaAW4fqv6Xjwa3sN2-oh9u-qwzmCuLHsbEZrxOKRsgqLB_cS9AFoP9eA
觀光景點,五重塔,五重塔,〒601-8473 京都府京都市南区九条町１,34.9798927,135.7487126,1.13,4.6,1742,,月曜日: 5時00分～17時00分 | 火曜日: 5時00分～17時00分 | 水曜日: 5時00分～17時00分 | 木曜日: 5時00分～17時00分 | 金曜日: 5時00分～17時00分 | 土曜日: 5時00分～17時00分 | 日曜日: 5時00分～17時00分,,,,https://maps.google.com/?cid=12068468840930923787&g_mp=Cidnb29nbGUubWFwcy5wbGFjZXMudjEuUGxhY2VzLlNlYXJjaFRleHQQAhgEIAA,https://toji.or.jp/guide/gojunoto/,places/ChIJf4SuYQEGAWARC9WOJnjQe6c/photos/Ab43m-vsgBg0hCDJYbntzxDrJN3tdvYlROWl5ihqUlmbSIaMQOEOMbSJLHEFVFR8mcPrppSQgiRxR7OfpyUFIkNiIPxCdz7Vmwd2GfacZbHDHy-NCLMd1yA1B59APfBGCgOOKHH_uWvxltHkgJpSabbbe4vch_QKv3W0XHpQR46RZDrP8Ma2KLAp2m6f6yB0PuKUfCCAqRDTspJWaQZjsU8lehxT5-bOK_25TZwkZmYRxSZcUdO-2G99HJqZP5ZROmHYK7Nje6WSg8LQ3Eak6OaVuiTjysqgZXI8aJhz3tXiqk2sfBc3MT6tmy6h4POluskXebkyK3-L2S5gxlD5yfZW1MqXUG12sMm_aoivHR094sNxtlCVmaMA_t9VXdh1gn2SpxEzXhn27HtoLTQV9H9U6UJrap2nxM7bcSibsVv2uQwPDdY8Dv2VKGWzIAW2pA
寺廟,獅子吼山 関通 轉法輪寺,獅子吼山 関通 轉法輪寺,〒616-8007 京都府京都市右京区龍安寺山田町２,35.031541499999996,135.7153164,6.44,4.2,128,,,,,,https://maps.google.com/?cid=14716098800277567051&g_mp=Cidnb29nbGUubWFwcy5wbGFjZXMudjEuUGxhY2VzLlNlYXJjaFRleHQQAhgEIAA,https://tenpourinji.com/,places/ChIJnQvuoSqoAWARS7YYvuMVOsw/photos/Ab43m-vcTESXV4UO-QYFHeWBHPlRXls1_udR8dUnhhtU1tgMHsJkQgwqHo7lhAJkYFHeKFpzUipnh2Tzfk6UmVY0lW6rIWn78GjON-UMA3KklbU5L3eKFVjN7tbP7ILvgleDKbfLxdJ5LN9hP2JqJqJIL4ynAhnpAmhFEt64NHnnMSCwg-DP8hmDMqLGQPh0HuW2QDRgy3eTWCjKryfe7pPUEnrsNsx9ecBsNELENLECAaoecbGfEJH5RB05cAr6qovM_H-htD4De91iSMnwzTrZe43DULDw8UMupSIOk3WBP5cRZEbxVI0_EbydGDrZMMPz-6ivecPHcQ-v815UaEgJLm0sBll_-iMMpLpqg1yTioVH-xNi6bd54S7aUv8SvdcajwgCkyuxvnierYlW5gjjLkKXDZ2r0dOocsqFn6wjoNdZ_XY
寺廟,養源院,養源院,〒605-0941 京都府京都市東山区三十三間堂廻り６５６,34.9879465,135.77357379999998,1.37,4.3,562,,月曜日: 定休日 | 火曜日: 定休日 | 水曜日: 10時00分～14時30分 | 木曜日: 10時00分～14時30分 | 金曜日: 10時00分～14時30分 | 土曜日: 10時00分～14時30分 | 日曜日: 10時00分～14時30分,,,,https://maps.google.com/?cid=9207982756853853387&g_mp=Cidnb29nbGUubWFwcy5wbGFjZXMudjEuUGxhY2VzLlNlYXJjaFRleHQQAhgEIAA,https://yougenin.jp/,places/ChIJNUggIcsIAWARyywyCIhTyX8/photos/Ab43m-vYpD748pYtvi7fQ9enS4HnkqeNZOBYP0Z9358aYd9X2-K2Yhk8F82MW3noF79NoE0iRDyWGHCv34-RgRe2DCS3_U7HCW1OA7YhdZSKHiqTqAGz9U3Va2x354y3PXYFW-h0jGJ9E0AkwP5svVctM_5XOa0PqI8saUQo_I90PdOyaziH0gwBctYBPWfYjEfmz6RtQeyM0InkxG3FmuY_dsNj6OgecYR3SR_k9zH80X8anPmvlvBsX_9YFDMnXTrUTVhSzWoWkoiQstYRrcfj-5u3n9qkc22RwrdVLhBkWDdRKgiMNOFzQ-7F0ip7BYlmVg_g1aJl6EgaPUR95e4dQksNEr9DkERhKi91-18XVK2lx9jX9b1Gf2NV-A2X5zt68VjdFcSU7yMfc1_W-pwc9wMJ98gE8LCesxkiBlKTHBE
寺廟,金閣寺,金閣寺,〒603-8361 京都府京都市北区金閣寺町１,35.03937,135.7292431,6.53,4.6,67518,,月曜日: 9時00分～17時00分 | 火曜日: 9時00分～17時00分 | 水曜日: 9時00分～17時00分 | 木曜日: 9時00分～17時00分 | 金曜日: 9時00分～17時00分 | 土曜日: 9時00分～17時00分 | 日曜日: 9時00分～17時00分,,,,https://maps.google.com/?cid=1073025677330113631&g_mp=Cidnb29nbGUubWFwcy5wbGFjZXMudjEuUGxhY2VzLlNlYXJjaFRleHQQAhgEIAA,https://www.shokoku-ji.jp/kinkakuji/,places/ChIJvUbrwCCoAWARX2QiHCsn5A4/photos/Ab43m-u3mzbOQ8vObqHUTWakJQlOFXNI2XqYm_TEYD__9gUg-yCl7qnM5rNPsJU3lmYUB51W2cOOMlg4CtgyDJt1a5KyB5hcxAQS8HZAHU24GQShbtVjQ7MtEP_scEqIqLGSRXPb_Ajbg_whbSJl0YPbz1l-mbtLFB2DUQEkNJG3vJzjOSyHzLdl7-kUAMPouS04f8J_XbJaPm_9qruA5zLLbU-GACYw9EaEZyJUm4XY-JAbjVCqpzAyAhvi9E_BqlPZPgTLlulCGqfSsg9kyYH460Yp111OJstYaKtsssr-DqHvuOoGCM8ddjfp3huRYeQ_IWp8PoElw8rKvHoPGIW8R_hUkpmoiVf3zqWPMgVv1fKjlL-X7y8lzZaWhjBGysgWad0Wmq30lFj8N37lxd8Rm2-9NCWlW1hgDYFhGh1oG8386a3K
寺廟,法住寺,法住寺,〒605-0941 京都府京都市東山区三十三間堂廻り６５５,34.987466999999995,135.7726674,1.28,4,289,,月曜日: 9時00分～16時00分 | 火曜日: 9時00分～16時00分 | 水曜日: 9時00分～16時00分 | 木曜日: 9時00分～16時00分 | 金曜日: 9時00分～16時00分 | 土曜日: 9時00分～16時00分 | 日曜日: 9時00分～16時00分,,,,https://maps.google.com/?cid=17077760704626510378&g_mp=Cidnb29nbGUubWFwcy5wbGFjZXMudjEuUGxhY2VzLlNlYXJjaFRleHQQAhgEIAA,http://hojyuji.jp/,places/ChIJs4Cbj8oIAWARKkpjBuFkAO0/photos/Ab43m-sOQJ7P9Gf2FqB07yONRzePan7rTd7h2SDSAf8H_M5B6Bwx-mgEdWKhRkgxh76_zkRLoxk-lPUlc80cpqbbcJ8pxRidUvHu7wuce8BNOTBxE9UzdNOJjEWMwX6s8iVjWAli-rx2FFMr_2CYaedIOzPPV44X1r44Wg6SKYfPhSbdQOrN9dPZzogj949K_CLtOAevU0TdBpM0dCd1M6shVHCUu173rei-30kXj2jpVjZi43bq8JS8xYvEZsTzyaW9NXtkatTK6p9mJeBYnNmICFw3rglNtNknCivGJQVlpnaVn0Pzfs3Ysxeq1kbGhaxWPt6cO43vsQWM0bovmRxr-ZAMzRA4P2gPl6AAOxuChpjWATaAK7z1ByK1ZpoQtvRcCW0MFau-0rxNbwn4q5vKXrukHzozhsqTH2ExvGpbftbDKMCz
寺廟,古知谷 阿弥陀寺,古知谷 阿弥陀寺,〒601-1235 京都府京都市左京区大原古知平町８３,35.1381972,135.8280694,18.08,4.3,233,,月曜日: 9時00分～16時00分 | 火曜日: 9時00分～16時00分 | 水曜日: 9時00分～16時00分 | 木曜日: 9時00分～16時00分 | 金曜日: 9時00分～16時00分 | 土曜日: 9時00分～16時00分 | 日曜日: 9時00分～16時00分,,,,https://maps.google.com/?cid=18081016351995683872&g_mp=Cidnb29nbGUubWFwcy5wbGFjZXMudjEuUGxhY2VzLlNlYXJjaFRleHQQAhgEIAA,https://www.kyotorakuhoku.net/%E7%A4%BE%E5%AF%BA%E3%81%AE%E3%81%94%E6%A1%88%E5%86%85/%E2%91%A2%E5%8F%A4%E7%9F%A5%E8%B0%B7%E9%98%BF%E5%BC%A5%E9%99%80%E5%AF%BA/,places/ChIJG0hEK7WmAWARIGS7JpOs7Po/photos/Ab43m-uCVvnaEczwIBl-M1LlIuRX2l_UGbx6nudNI3dd2Gatd_REINQCh2fm09-DP605laSVfud_8ac58ylPrdfjvj-TH24Zs4gBpQUbkRTGo0XBvFZ-_2DWMky0FokzKQuLmH05i5xlYxUudwrrRuyrQFAhkXsing2HP3xsvRpmiekn0i8H62qI7ebSVFJFbdQjsq1TmiVsvmBqJghVIJx5DwyOVj__UU7C9T82lMp3BMMb9PAwutGsMuzZp-OYjcoMZDl-ml3TwwkpwJ1tmU1SPSonAULEO3NZ9rH1zFDDx4hRlzuT2Wq52_3TBcONc4w9VBUL3qvKBdngJpe63R-Voha54nO-8lBLBqER1xZ2XJ0mo6S-6cgPjQXfqsERpM4Zk7qN0Jp7USy9Z2tKFQBVvT7vzjcvkvCcuzHKHqlWBE-92A
寺廟,東福寺,東福寺,〒605-0981 京都府京都市東山区本町１５丁目７７８,34.976025,135.7737627,1.75,4.5,11025,,月曜日: 9時00分～16時00分 | 火曜日: 9時00分～16時00分 | 水曜日: 9時00分～16時00分 | 木曜日: 9時00分～16時00分 | 金曜日: 9時00分～16時00分 | 土曜日: 9時00分～16時00分 | 日曜日: 9時00分～16時00分,,,,https://maps.google.com/?cid=7117677159742707137&g_mp=Cidnb29nbGUubWFwcy5wbGFjZXMudjEuUGxhY2VzLlNlYXJjaFRleHQQAhgEIAA,https://tofukuji.jp/,places/ChIJrZ8NkJJIAWARwRVgbKoRx2I/photos/Ab43m-t5D20u9iaz1phsUc1civKvjQZggz7z7tVqtMJFanKBeTmXGmhh2t2y83boiQBAa1Vtn_9-N4k9pctHmIxA_kXb_P8RFWqRLpD7P1dqcwrggaS2r9POx1p-mxfKG2Cpdsi5G8loB0ojz_S954Cl0YZJicAvDkek27HX795j5rsRa91EmG4JNfIILmcxjolJxxJ_g4S0_lmnO7CDHQLErrewqya2FzmLJxeOhodnfIANC7aTWGtHODwhpAJJcsgXOYffumw2MkvZhIcvnGlcvDJG_KBA3I9-eixRD48VBGouXQadOwvhoPUXvE-75oCPm-VkEBRQsvGNmRxaE4jyHczWPM4D5gTl0iIiN9PWTYUgCAEGo104nyWrCM5y3T78JEoDJpWDd7iZsDwhGOJypeNaETiMoQaaSWx3_o0-D-Q
神社,北野天満宮,北野天満宮,〒602-8386 京都府京都市上京区馬喰町,35.0311737,135.7351227,5.48,4.4,16570,,月曜日: 7時00分～20時00分 | 火曜日: 7時00分～20時00分 | 水曜日: 7時00分～20時00分 | 木曜日: 7時00分～20時00分 | 金曜日: 7時00分～20時00分 | 土曜日: 7時00分～20時00分 | 日曜日: 7時00分～20時00分,,,,https://maps.google.com/?cid=6568217213263605274&g_mp=Cidnb29nbGUubWFwcy5wbGFjZXMudjEuUGxhY2VzLlNlYXJjaFRleHQQAhgEIAA,https://www.kitanotenmangu.or.jp/,places/ChIJbeDwe-0HAWARGu4ubMH-Jls/photos/Ab43m-uWHiWwTU1B01tBktp5h3d2YCE0CPz7QTLbHnwDK1IKVRMjEy3GXqV9x7e7-MGAuQQ4puEfnbdaWRZw90-8UHDc3SXA64Oc8g0G2H5CEcTpa_Sq7RoJFkcUk1aGY3lY4namCWK2tgqonuVG4K04xXS__JL0AjQU1BMHPOvn861LpPsHOi_Scl1ZCz1glDg03wmpAnV4lxZqBwC8LiSkxssG8aJwnll7OL_H7ChGr_dCymOGCQrI3NU-5H50z7LX3dTg7txfJFAspkdYP8beyUEBUGcdfqLruk8CSWb0T-OatrF645wePGbMq-wJ-IcEOGq0DC2NAfMT9lB0zF-QcuVpKmIVxKppE73XfvODgKUgqq-gPXnlpmBDWAoy_ojeN_j9cvnvjR-KAWtIz-XgPuBk_-lZl4YwlqjjG5bn-SmicgxSRi0qkfquZFKrGLgZ
神社,賀茂御祖神社（下鴨神社）,賀茂御祖神社（下鴨神社）,〒606-0807 京都府京都市左京区下鴨泉川町５９,35.0389778,135.7730068,6.05,4.5,14999,,月曜日: 6時00分～17時00分 | 火曜日: 6時00分～17時00分 | 水曜日: 6時00分～17時00分 | 木曜日: 6時00分～17時00分 | 金曜日: 6時00分～17時00分 | 土曜日: 6時00分～17時00分 | 日曜日: 6時00分～17時00分,,,,https://maps.google.com/?cid=268029265908714956&g_mp=Cidnb29nbGUubWFwcy5wbGFjZXMudjEuUGxhY2VzLlNlYXJjaFRleHQQAhgEIAA,http://www.shimogamo-jinja.or.jp/,places/ChIJf438RkAIAWARzM3lfzI7uAM/photos/Ab43m-uPUt5qqCIdZOITlleLD1QU6G_pIJLSMictykf0iAGgJqAZoSi34jw9sPxiJhy0tEAY-laA3lIsbUqMfiN3vR62XGerq-cu4lvbaBe1qrXOHm1sgBn_fQ-tOOdOFZ8g64B2THPz8MwW7FWQ8rlNNilK_u5FjMma0RacpaGVsMyl-z98AzRHsCHeO57DDaZsxxgZq-qPB7qP1ZN-blftYqtq_cT4hftM8tQ6MWYAF83N_HR1igXQAPrceZhp-eQe7WmlSSeOCbVyJP9POD_eqqd7ELMv4yzlJz-ySnFfzfjBliwkDAUMwY6bvd7q1xeMsfQrPtbGgWJ1MPNUxIhCwL4L4ZNhhPX5uGJA02c2QIBGmyVeiaI2lp9-QtX6HO6ac0K1ZkgymkPtRB0Uw5EjZWAh-G4PoK0R6yh8TGl9N41gvXNS
神社,貴船神社,貴船神社,〒601-1112 京都府京都市左京区鞍馬貴船町１８０,35.122090899999996,135.7629101,15.15,4.5,11736,,月曜日: 6時00分～20時00分 | 火曜日: 6時00分～20時00分 | 水曜日: 6時00分～20時00分 | 木曜日: 6時00分～20時00分 | 金曜日: 6時00分～20時00分 | 土曜日: 6時00分～20時00分 | 日曜日: 6時00分～20時00分,,,,https://maps.google.com/?cid=2090262746651448459&g_mp=Cidnb29nbGUubWFwcy5wbGFjZXMudjEuUGxhY2VzLlNlYXJjaFRleHQQAhgEIAA,http://kifunejinja.jp/,places/ChIJCZEK8wimAWARi1RkteQaAh0/photos/Ab43m-s8NRX4oJZhHKrH60icCPCn5j-r4gfFqlJLQYQ9w60IghSoWBrpy5lLvRPt53Rc7iRSIwXyiQ9DAUVsosX11mkofrdOcYbPV_h03dp-EXjUfzniBCEs4ZGboZjpFtesy7WOexne-zsjTXiFFY9Dk6YySpbzIT9oRibnbVrYrseptE8HAJeYObVsefpu16pVPF_Hfso1mDIDzzXERiRU_f9HOhnikH4Yahmmdad5IDfjfVRyIy6UH3tGca5LDeJ4Jn5gjkvRoHtPgolRg0zut4fY8WHR_iVoeIJb8m6Xwz6qZewAfxVX37yzaJTJA09K-FrgT14GjCVkYM0hpTlOufof4n_Wi2Xi1j8OEDEtbHahz7OoHKxwG9hqrczTBf53PD8kVRetWv4rMeawBz8rXaUq7kOBvT2DqRnapG_HivKA-7WY
神社,上賀茂神社,上賀茂神社,〒603-8047 京都府京都市北区上賀茂本山３３９,35.060377599999995,135.7527293,8.31,4.5,8785,,月曜日: 9時00分～17時00分 | 火曜日: 9時00分～17時00分 | 水曜日: 9時00分～17時00分 | 木曜日: 9時00分～17時00分 | 金曜日: 9時00分～17時00分 | 土曜日: 9時00分～17時00分 | 日曜日: 9時00分～17時00分,,,,https://maps.google.com/?cid=6486069360726034990&g_mp=Cidnb29nbGUubWFwcy5wbGFjZXMudjEuUGxhY2VzLlNlYXJjaFRleHQQAhgEIAA,https://www.kamigamojinja.jp/,places/ChIJceHc0AmoAWARLsqeCrglA1o/photos/Ab43m-srtzjeSwNndjLmxsyAI292qp9N3yFfUf0sQQhlpg-ZxkJANCa0TedtzI1ul0OT3Gs2P7FbE5--KmRVy7qIqP6qB5Q6vHdGkrhPfHuvzpNjnojXfU0drcVw7XopiJjov0BPDK9a9v-ZA7P5WKSdtSLgGyjcVXo05bLsG-WhavcKOCtfvdReuR1RGQ_YvczpKuMfGoybOXt8iLQxiyFYbD5VEgcFO8eNQq6EMeAfyo8iJ9iGssjber3_Uc4kT3MQ80rsapBuYtrL0-C0Vm-gbI2U1GaPyM9UbRx6kSwadX5ZxZLrQAY6pQTH4uvCMQWCLq3BMZt9zZK5NZPyxcmRJkRQDnCygRPpAVYsc1XjveUnEOAfPm_nwPsZmwjKGlm3gnfnQe-WJB2yl5fyXw14X5c2Ul3Klri-A4CkeJPCW2L3mcQ
神社,石清水八幡宮,石清水八幡宮,〒614-8005 京都府八幡市八幡高坊３０,34.879415900000005,135.7000573,12.99,4.4,6082,,月曜日: 6時00分～16時00分 | 火曜日: 6時00分～16時00分 | 水曜日: 6時00分～16時00分 | 木曜日: 6時00分～16時00分 | 金曜日: 6時00分～16時00分 | 土曜日: 6時00分～16時00分 | 日曜日: 6時00分～16時00分,,,,https://maps.google.com/?cid=6689498968043450567&g_mp=Cidnb29nbGUubWFwcy5wbGFjZXMudjEuUGxhY2VzLlNlYXJjaFRleHQQAhgEIAA,https://www.iwashimizu.or.jp/,places/ChIJA2uwgDMbAWARx3CSc97f1Vw/photos/Ab43m-uxpOIp9UiYD0xyTSmFlV1Umu42vW_ttPd0UgUBVGW6tK6oE2XFzFoEXdhs_SX5mQbMbMHg8JGODYXIliivpC9Y9HLG-EthLI4-RQdq2yW7dwJAR7iy5apaMm8v4VhX6XlQFNlIqmqbm4Z-DKqb3EvIWMOrHMYXx1rL8iWveHwWqWmTLXqQtdw8j4a7v_OzEcD7dBpYW5D0U7c6nPpjwLmsKctlxepAJcHdmsHzwb5qnpi8NNbZarNEL5iqmiv-nDrXR0CDUNOZDxBWrdHxOU1vu4go-IWy7vsDx8CJGDbuEE7evlNP7Ij7QzO8oWF6Gz1RG9eay6wnIfvi-aSI1qFyTo0GKGnivl4EzKzcmhHORgS9iRPV7RlcgWE7LMvSA3nwR-s3__bxl1NoLern21pq3_ykjKMifBDnneXuq6NIjjs
神社,平安神宮,平安神宮,〒606-8341 京都府京都市左京区岡崎西天王町９７,35.0159823,135.7824263,3.98,4.4,15842,,月曜日: 6時00分～17時00分 | 火曜日: 6時00分～17時00分 | 水曜日: 6時00分～17時00分 | 木曜日: 6時00分～17時00分 | 金曜日: 6時00分～17時00分 | 土曜日: 6時00分～17時00分 | 日曜日: 6時00分～17時00分,,,,https://maps.google.com/?cid=8484457972734838095&g_mp=Cidnb29nbGUubWFwcy5wbGFjZXMudjEuUGxhY2VzLlNlYXJjaFRleHQQAhgEIAA,https://www.heianjingu.or.jp/,places/ChIJjch8GOUIAWART0WX2JLZvnU/photos/Ab43m-tMq7mKRV6AtyJ0R__MfOCb6AerPROtA8NGOYzCfw34vwf5Xl9Snez59FYzPPaWiq_o245gJG1pZCMpnzYi5sAVypbSbFCkCaSj2aRV8yG5CxiMjm1pJylRmI3hCo8T0CxeKupFGv3Sn8cGmfBBCYFe4ZXOWq-hEp0uu3qKbcILpb8cPKz-Y9iSd2WWgQrJA5zW-KHK3sWpy3cm2Krd59Lie9VVjQo9luQO5pvwO4js0QXpj1ECWSVRJk6iUPmlExJUFnkqKUB5srnho4lv_XKH28tTFnn3jfzHaIwpgzewQqwPHyB2feaMJl8bmh09_He-SaRCDeVkUZhgpiao2BZVqxeSaGy38KavpqaYIHO_VWbZX6ioMIhcTt5bw5nhtgrsxMfEIy--kDerwqex89BQP-Pe1J6AAdYLfc_ts4KD6A
神社,長岡天満宮,長岡天満宮,〒617-0824 京都府長岡京市天神２丁目１５−１３,34.9228664,135.686681,9.6,4.2,2689,,月曜日: 9時00分～17時00分 | 火曜日: 9時00分～17時00分 | 水曜日: 9時00分～17時00分 | 木曜日: 9時00分～17時00分 | 金曜日: 9時00分～17時00分 | 土曜日: 9時00分～17時00分 | 日曜日: 9時00分～17時00分,,,,https://maps.google.com/?cid=10646607300675871418&g_mp=Cidnb29nbGUubWFwcy5wbGFjZXMudjEuUGxhY2VzLlNlYXJjaFRleHQQAhgEIAA,https://nagaokatenmangu.or.jp/,places/ChIJQ5ONLm4EAWARuqLdi-5YwJM/photos/Ab43m-vHuAvzehB4gka0Kb2ZYe7f-IK3FCnXirGeB_x4qwYON1_P6ZuV7dh-bfW8XMEKLiiBvd9E_m62xFeqVtkzkm_EmBATvaJ9dJJGGTHLG4BHD-bQtOXmgDmYsdnRQE8hayDi2Jo8sAyyFXhdJEv7HtDpisSodKO4yjNgwu8KgtfDsOylFQ4oaW79PI26tlhc39HfjvdCGeG1gGFJfDMU9AEv7l3gZRH60AEs95m6FzepRlWTuBexyRE8NjGViFPe1JAulwosGQFQyKQ8Ae_-zrmP_TxWCeN37r-1AC_PXke240ncnqdsa_3OAPm0CikZNirakA7fY3rJck8x4BAULeZAA-KWMPD75cvfInLLidLq5m6C-zWz5UdnYaHRtKQRFzCjOCzIVRnMKMzYuEKc1dVQnZUHw1MtNTD9c8bVlC7Waw
神社,閑院宮邸跡,閑院宮邸跡,〒602-0881 京都府京都市上京区京都御苑３ 国民公園協会京都御苑,35.0180806,135.7602477,3.59,4.4,346,,月曜日: 定休日 | 火曜日: 9時00分～16時30分 | 水曜日: 9時00分～16時30分 | 木曜日: 9時00分～16時30分 | 金曜日: 9時00分～16時30分 | 土曜日: 9時00分～16時30分 | 日曜日: 9時00分～16時30分,,,,https://maps.google.com/?cid=17315561428816745417&g_mp=Cidnb29nbGUubWFwcy5wbGFjZXMudjEuUGxhY2VzLlNlYXJjaFRleHQQAhgEIAA,https://kan-in-nomiya-teiato.jp/,places/ChIJq6raGX0IAWARydMTs2A7TfA/photos/Ab43m-thGft7pHRPfeom5EtfMgxvEAFlvmcIJBdNGEPMY3GvTB6trE83j8bXLfKyIClipADGOOwzrzdXwaRjljWyEp4cM48EL63Sxk3yGgd6Ej413OQtJCLr61z70NpUctp1zzOCBnAKZ1cUll_rZo5GKrBD_ABXrGp6BHhaWNwbc9P11zxzgzzIIfkQBpSJvply2o_OnLvIzQNouQJN208UBQPxjY3mM3-P7_CtDDMUFFbwZ-kHE8BWiuUyk01s_Vuru8S50Ib49wvDoWtBg2DGuE1yYHuDNwCZWaJEdqrrhCxRwgFfUZUqc_jav61WUBzSYhn-63W9OeBW5zwjFo_LOIf2ALv6Un0Hx5uNmseD-ce78d9BYZBc_Nla7FB6_jTLOQdHiBGxF4W0xpnbqeW4UbVW0Ipn64HYrKxYCHk2_Uex6BE
觀光景點,元離宮二条城,元離宮二条城,〒604-8301 京都府京都市中京区二条城町５４１,35.0140379,135.7484258,3.27,4.4,41655,,月曜日: 8時45分～17時00分 | 火曜日: 8時45分～17時00分 | 水曜日: 8時45分～17時00分 | 木曜日: 8時45分～17時00分 | 金曜日: 8時45分～17時00分 | 土曜日: 8時45分～17時00分 | 日曜日: 8時45分～17時00分,,,,https://maps.google.com/?cid=1183188145859604271&g_mp=Cidnb29nbGUubWFwcy5wbGFjZXMudjEuUGxhY2VzLlNlYXJjaFRleHQQAhgEIAA,https://nijo-jocastle.city.kyoto.lg.jp/,places/ChIJC5srCtQHAWARLy9qkFmHaxA/photos/Ab43m-vGf7aZk0Kpr00L2dfccmOdg6lrBc3nRSNZSp_FQJ_Ny_Iw50kxI5VwpWolea-XMZvzAAPA_VWe-J0zs50tCk-V0VXiy3x_P4UMmYXHWqlfWOV717OmnZgnztU3bIe5RQWVwpbdu4Zezzz3ZuiglyKDg7E0PKkJQVGVLW1lYXyuNdlMRcMZLKGeyNhplD0aFFzdjnShox5CkW98N_BNsQW79E8oszmnNUIXUMhXQgdS3yhPoyp01iNI3w2I_h2Ixim7LEhI4UzTEEtXe2isuiGphzi98MdSUgYv6PlSnKA_LbBHeU-RmcyCAvLL7o2pE9xAJsanAO7-UKOuabkOYk162kDx_1ysg9d8IKUcOhBuKVztMkUmBwS91o8Eg5o7n2WAklWIHTwSJGXgqUQUWXBC8Hcc4q1jBevbn9FoZD5goA
觀光景點,桂離宮,桂離宮,〒615-8014 京都府京都市西京区桂御園,34.983990999999996,135.70957199999998,4.49,4.5,2512,,月曜日: 定休日 | 火曜日: 定休日 | 水曜日: 9時00分～17時00分 | 木曜日: 9時00分～17時00分 | 金曜日: 9時00分～17時00分 | 土曜日: 9時00分～17時00分 | 日曜日: 9時00分～17時00分,,,,https://maps.google.com/?cid=5324769514712559736&g_mp=Cidnb29nbGUubWFwcy5wbGFjZXMudjEuUGxhY2VzLlNlYXJjaFRleHQQAhgEIAA,https://kyoto-gosho.kunaicho.go.jp/katsura-rikyu,places/ChIJ83xvU_cGAWAReHBFa6lh5Uk/photos/Ab43m-u-drVM3SDhjVEz_tG_3SjaQumWDYN6K5pb3qWmzNgmdKctk4kqgJhQSj1rDUkgdlNGBfMeyL47NXJU4ArG0lZ_ARQynTkllZLBh2kywBCReQofbLy4efvWurCifURAxuIIig0UZgcrKRH6mB13vqhE-3EX55Jsp5uLfHPt_WNT1V4QZaFJBXNi1Vg710STYx1JgcsxV8N00hu1bqhCinOPPxK7DIryxoODBi9l5omX4zv6MJqYKR5BLZ0dNH_37j8PZKC5of4QnkVi6lF8Ag6NgiggTBZ6_5owrI8RyO1LFknTYTt4RcNez6L-hwvk4tsWIhRGa24I5RZrlb0CzoIP2eUi91BBzg4idAKnqMwCWmGW42ZyuZFDt-KY9EM2VuhPVzku_HEHL14MNXxuqk6UOU-U2ru77dmmOfkJacNWW7w
觀光景點,水路閣,水路閣,〒606-0000 京都府京都市左京区南禅寺風呂山町,35.0105815,135.7939463,4.22,4.6,769,,月曜日: 24 時間営業 | 火曜日: 24 時間営業 | 水曜日: 24 時間営業 | 木曜日: 24 時間営業 | 金曜日: 24 時間営業 | 土曜日: 24 時間営業 | 日曜日: 24 時間営業,,,,https://maps.google.com/?cid=4625618325317478481&g_mp=Cidnb29nbGUubWFwcy5wbGFjZXMudjEuUGxhY2VzLlNlYXJjaFRleHQQAhgEIAA,https://biwakososui.city.kyoto.lg.jp/place/detail/32,places/ChIJMbbaPUUJAWARUegV-1t_MUA/photos/Ab43m-s30YmeQDZbmpWdNROcsUTtV5dpAFKyUunaW5MVRXtbT0ovuDD7Yb9IjfhuEjrzCbOrxZI0P45AWdIQIY7fYQWBW_6FlxGYwb4HejdmnVlwHTf-3hWU7o2f5TMNW298BDfHJkV6xX1JUhkyog51vMwY5GK372SJkojQdEH11gE2dPGNLDxnwDFVjZn2ZHDvvbAiCRUa7yhzBcDFCq4Yl3OIOrgPdJfMI9SGtLvlRIsW2UtnNuEUhlKJdaU-MgS-JxY_L2R7UC5FXtzdKDdl7UDzXDjIsUr9dm529ykghIMhjBFVnOclq0dHmjksfvKwKjPtVejap1GGRJXU95CgvheAB2AexJIe9H79HM7agU-LJ2lxj7_oOWfvZrbULSRi_PRbUsBTm4U540newd2pey-3UzdKbHQZ6pfKrQ0krJa4UQ
觀光景點,京都御所,京都御所,〒602-0811 京都府京都市上京区京都御苑内,35.0240977,135.76214360000003,4.26,4.6,1509,,月曜日: 定休日 | 火曜日: 9時00分～16時20分 | 水曜日: 9時00分～16時20分 | 木曜日: 9時00分～16時20分 | 金曜日: 9時00分～16時20分 | 土曜日: 9時00分～16時20分 | 日曜日: 9時00分～16時20分,,,,https://maps.google.com/?cid=8944354417040377478&g_mp=Cidnb29nbGUubWFwcy5wbGFjZXMudjEuUGxhY2VzLlNlYXJjaFRleHQQAhgEIAA,https://kyoto-gosho.kunaicho.go.jp/,places/ChIJBemVXAAJAWARhkbj_PO6IHw/photos/Ab43m-tRC225r-A32gwZ2V1_64RgKDo_1pi9zLDuplJO1SlXFR-FJv6oIA1Hb_Uq5zpKCwRQSYh00xWGCCMj14NuOY9iy2RIcgFyH37VW9caQwmYBQ9Cpz01AXJnmlT7zaMwflXhG3ZHFi9PbqSVqIU3I2E82Lx1Q29tfpYjUMKAbuveD1THmGfBWLtHGQ8v7xgKZpGvn4Vo0S8ol41fz9qQdb2DqY0kGvtTeovzRCazMPV-A6M7v1_0srX1OkRzBjLtAvVKXjjgC8cZrZhJmoy7Ss206AyFmnxBfmAG364n7wk_zKaQy4NPCKEzevhhVMrh6EK5C-pKDQnwdE8yRjfdsx8KeS-0rpiL3rRcwNtH75apY7WJTw9S8DqQOvpW4GHAdsVU1yxChrjJJr6PTGPK9bBnJ_8qhvO1l2ULOtj2fys
觀光景點,京都御苑,京都御苑,〒602-0881 京都府京都市上京区京都御苑３,35.0230617,135.7634452,4.16,4.5,9694,,月曜日: 24 時間営業 | 火曜日: 24 時間営業 | 水曜日: 24 時間営業 | 木曜日: 24 時間営業 | 金曜日: 24 時間営業 | 土曜日: 24 時間営業 | 日曜日: 24 時間営業,,,,https://maps.google.com/?cid=2273044684804786517&g_mp=Cidnb29nbGUubWFwcy5wbGFjZXMudjEuUGxhY2VzLlNlYXJjaFRleHQQAhgEIAA,https://fng.or.jp/kyoto/,places/ChIJHV-OFHsIAWARVQlhBBl6ix8/photos/Ab43m-uBwvBxyBA5rNBQgLMDJ4v3XCfqNhT4j_WoEuicuBqDk4N_KmfzZWtYIM0FNaH1sxcPAf4_UiOLYrIo9515tsNfozw3TaO9StuTfJWTSt7C3VXjDxusVxIiUnq7Yg12ouJWTSGACAANlk6h6xyi201aoc-AEEEWueo7Qs6fUD_ZOIyjGLrCke-ql7iLv-6jGZfkbAH91PMjbzOBm-Z19NHn1UnYZz03dXwPRifEC-bIdXQy5mZ0pASXF6ZsvcNmWy0JgROzlp7gFWdnrfxbjs8BRoLtI9yfWumHcCo8Rf4hJTKQuCJHnvMfes85_oFpeSRs50xF6YbmMeUSDjkbfwlPU9U-ceN9G_ZUNjazHadvDFxVZr1QOs9OPqs8hjNmWwZhtyqwCAZlfXF2NcGIQ1-vMqewnz3PHtlE92W5jDOfGKKz
觀光景點,近衞邸跡,近衞邸跡,〒602-0881 京都府京都市上京区今出川町（今出川通）,35.0282434,135.76176139999998,4.72,4.5,175,,月曜日: 24 時間営業 | 火曜日: 24 時間営業 | 水曜日: 24 時間営業 | 木曜日: 24 時間営業 | 金曜日: 24 時間営業 | 土曜日: 24 時間営業 | 日曜日: 24 時間営業,,,,https://maps.google.com/?cid=1632760772915271486&g_mp=Cidnb29nbGUubWFwcy5wbGFjZXMudjEuUGxhY2VzLlNlYXJjaFRleHQQAhgEIAA,https://www.env.go.jp/garden/kyotogyoen/2_guide/map1_sidare.html,places/ChIJLXr0MG4IAWARPpfOsEW7qBY/photos/Ab43m-tkIOH1H1oLNacNKkt7u2y1jPE_H2lFX1vuqU-xv0R9sPk6ucs2Ez4cHi5enBLIxmjIW43bNOPfS5Ay6uu04HyNKJXnvUXnyb_FeNDJ1rcxGPQS9pIA79ZFDbJTWKtKYur-XhV9FVFxUlxHUgRuPGLH4P1S-7wBnsE6ffA6szynErdZKbI5YyLaz3AoKss-98N2-1WuS8PU3VLIw7eu6mWzDBk9iFL6yHuJFFkgYDmpvhchnZaaXAjcBTPz1P8UenmeBzyRzgGvBvmoe9Mwwdgj0JWQK36Xh64gMlANOVW1nvIJCnsHjkFoB4Y0A-eAAGLRVOUMC72P_ImP6xdloOgDCf60YHqt9aix2mfipLhY36HWJUKCjwHLkOPBaQUWggxpNwTP0vA2BEhEUqKZykmNvQfRxioIXmDGlfYawikY6kWs09jzym-juU9kXm3N
觀光景點,修学院離宮,修学院離宮,〒606-8052 京都府京都市左京区修学院藪添１−５,35.053756799999995,135.8003498,8.45,4.5,1441,,,,,,https://maps.google.com/?cid=8259146696672455394&g_mp=Cidnb29nbGUubWFwcy5wbGFjZXMudjEuUGxhY2VzLlNlYXJjaFRleHQQAhgEIAA,https://kyoto-gosho.kunaicho.go.jp/shugakuin-rikyu,places/ChIJTQ1m18cJAWAR4qoAaylinnI/photos/Ab43m-t6cRY1VjlKacpdZrhK3XL4FuS4VNg8my3dzSmi_kwQZNbCreGfX7sIrH5SLRk0-T8_jAMf4ia12BbZZs6BH6yjEalqKWK7w0DzKUMA8T8V5-Pjjc-a-H4kbn-5BFKGDWxRHlRi3jGBQ6R2v26qH3ajqFUMBs4THBt9NY_gFCbTukh1QUZTWizN40wWW6squ5ayqVp-YD4oGS8baIlES9XgRAZg2Oxut-UIxJt3x1V4FP3oFEYVbCeOjz2ByT3qqsG8GX8hx-fbciTzn1Yd9UjuJMn7EnQWjZ0MFVacMmDxqsRLkLBhCxuR0uAvzCD89VcsU4sKzs0xz2xDdHON7tbskh7EGlB7mjzTcMZ6agVHXM4f8MyK6vdeDvATdcxUrHJOFDVeTLpv_V1xYR6Md40n1c0oZRuu3SuL18ZdXVkIn9JIjfE0vD2l4s8JgQ
觀光景點,宝が池公園,宝が池公園,〒606-0938 京都府京都市左京区上高野流田町8他,35.05661010000001,135.7843869,8.21,4.2,1101,,月曜日: 24 時間営業 | 火曜日: 24 時間営業 | 水曜日: 24 時間営業 | 木曜日: 24 時間営業 | 金曜日: 24 時間営業 | 土曜日: 24 時間営業 | 日曜日: 24 時間営業,,,,https://maps.google.com/?cid=7195356733454386108&g_mp=Cidnb29nbGUubWFwcy5wbGFjZXMudjEuUGxhY2VzLlNlYXJjaFRleHQQAhgEIAA,https://www.city.kyoto.lg.jp/kensetu/page/0000082746.html,places/ChIJt_GuxSwIAWARvIPDkdMK22M/photos/Ab43m-skUOPE10x705_aWg1IDevEdQ_S1lTQo7uN8iAtQoZCSW9wWXJWl-xoHJ2DYAoQJVfyGaIxmDJUHvBujLpx7SWIUcpGd8o_sEGBsH1RPCzyxLPtgWLs3p_PydXqFj6qj6DgSGI46P09F9WL_LBq2kHzVQQAhDKlyPlUSfBQWQqHV1kGJT0WavR5RmQ6WM3uDpnkGvA8AGU_KjEmtNitCKjGUmANY-OS7OBh39eEwL8rQMIFVOxnCrUpj85_TZHLltooOPwV1SWzeUCGm_FAewabj15JTT0yG_4ppBnPAMkJQdM7tmHdcTKZSsfIn5hpWFgnKyMxdaHh8yaZk-Hr8p0shkz1wFUz9G-1z00_gmyL3_uW3OBTPV-L_1Mo7sW0l9CqF8AjadnoSAWWeI1xDrzPMaAWHlcwyJ8UC_4f9n9WzTL6
觀光景點,紫宸殿,紫宸殿,〒602-0881 京都府京都市上京区京都御苑３ 京都御所,35.024179499999995,135.76214729999998,4.27,4.6,114,,月曜日: 定休日 | 火曜日: 9時00分～17時00分 | 水曜日: 9時00分～17時00分 | 木曜日: 9時00分～17時00分 | 金曜日: 9時00分～17時00分 | 土曜日: 9時00分～17時00分 | 日曜日: 9時00分～17時00分,,,,https://maps.google.com/?cid=8773950714735542053&g_mp=Cidnb29nbGUubWFwcy5wbGFjZXMudjEuUGxhY2VzLlNlYXJjaFRleHQQAhgEIAA,https://sankan.kunaicho.go.jp/multilingual/kyoto/place07.html,places/ChIJIWCiKGUIAWARJb-YTLBVw3k/photos/Ab43m-uIp0kz143I6K8sFfBeCYLAX6YlQAoRxGCFjuHnlZ0o0aiqRCBHwMOmeFIg0QbJzRCs3c7NXno6i4lv__Mbhw-Ofxw0Heo3QCpmKNhob22CczE0oio8uNISWnmmZ-hVdWVGC76XecF6TQxV8RK6AnMt7peRgfU3p1DwVimNFt0RJK0lHHYDlB--cD7OkV27S6RAVDXNMU9SGLlSP2yCF807X80icsFMqg8iIwZYEUg7TBkrMcwkjW8gFDj2j9Bgm2Kz9gGFkFcU_c0LmmwvU_KAm3PMKvN41-qdOCiB9qL7pcNBE-_67NcAsgx_u2R4GzpdOInQRCnkJF1lZWU4LoS83YJEvsu1htg7w_ATvZRlmJ-PHBPqvqWW8ZcO86sEZfo1U9mGEqo2BP0_pTTy73XGUxCRS7Wrth6stMvzCQFK9M1xjn7k1IQs2XKOjEzp
