類別,店名,日文店名,地址,緯度,經度,直線距離（km）,評分,評論數,價位等級,營業時間,交通時間（分鐘）,步行時間（分鐘）,換乘次數,Google Maps連結,店家網站,照片資源,精選,兼類別
拉麵,KIXエアポート カフェラウンジ NODOKA,KIXエアポート カフェラウンジ NODOKA,〒549-0011 大阪府泉南郡田尻町泉州空港中１ エアロブラザ 2階,34.4366342,135.2425341,5.41,4.2,1493,$$,月曜日: 24 時間営業 | 火曜日: 24 時間営業 | 水曜日: 24 時間営業 | 木曜日: 24 時間営業 | 金曜日: 24 時間営業 | 土曜日: 24 時間営業 | 日曜日: 24 時間営業,,,,https://maps.google.com/?cid=8637538164886370197&g_mp=Cidnb29nbGUubWFwcy5wbGFjZXMudjEuUGxhY2VzLlNlYXJjaFRleHQQAhgEIAA,https://aprecio.jp/nodoka/,places/ChIJz1DHMtm5AGARlXfugzKz3nc/photos/Ab43m-sgd-Ns2Q7WfJs6W_J60MWOMae0qmJqHkNEjMn_6r_A3GODYi2Nez6ATqlH5c527o7AegF-pYX4M-pI550ZG4YeeCy-81JfbQLzVt-4rESmSw1F9rdMqXOe8Jk3F8LgbNyqbOQe3lDIEFALGBgG8HPPmV_Wh4epQFVCgE2IdwV5j-Z8fFsjQqJx6liinbfHDJz0T4QVIohbE7iJliHK-oULUmizXK2spm7u_tbcSiUEwV-i8fai6Lk5tNAuFLZb0wFdPgd0ywvj-HPz1bUU1T6NlHBIRwsNtPrBGa7kDXyP4w,,
拉麵,泉佐野塩元帥,泉佐野塩元帥,〒598-0045 大阪府泉佐野市松原１丁目２−４３,34.4037347,135.3026403,1.4,4,963,$$,"月曜日: 11時00分～15時00分, 18時00分～0時00分 | 火曜日: 11時00分～15時00分, 18時00分～0時00分 | 水曜日: 11時00分～15時00分, 18時00分～0時00分 | 木曜日: 11時00分～15時00分, 18時00分～0時00分 | 金曜日: 11時00分～15時00分, 18時00分～0時00分 | 土曜日: 11時00分～0時00分 | 日曜日: 11時00分～0時00分",,,,https://maps.google.com/?cid=13002864745252449786&g_mp=Cidnb29nbGUubWFwcy5wbGFjZXMudjEuUGxhY2VzLlNlYXJjaFRleHQQAhgEIAA,https://shiogensui.com/,places/ChIJ243B9RzIAGAR-u04-5d0c7Q/photos/Ab43m-v0xm74NKAi-MMVd1Lh-b-ZSwryOv6ZQvd5NzWVqOH6FoL80nm9Z4NwAC66GxRxBHqQc5wRkiSYvyrL4Jzr92w575fOiL5o6qv1WaynjaIcnDNJ25DsnCKaQKZRhj_ccXabTiQS9ZX4NBugAsmNAiJrP2XaDLHkkCMgtkeewjPE90989BApe4MfGDycY5PEQZAAVQvtsjdERSXjm-V1-RnPe5P-N4zCzH2pGFEWZhYYvOkv9XT4IwbK4GF2JpCV58kZwWajJtAZZWCCeU3mlc77VzZ5GZMoqhX_TmVNeKu4CQ,,
拉麵,河童ラーメン本舗 泉佐野店,河童ラーメン本舗 泉佐野店,〒598-0006 大阪府泉佐野市市場西３丁目１−７,34.407118600000004,135.32161499999998,2.57,3.7,821,$$,月曜日: 10時30分～3時00分 | 火曜日: 10時30分～3時00分 | 水曜日: 10時30分～3時00分 | 木曜日: 10時30分～3時00分 | 金曜日: 10時30分～3時00分 | 土曜日: 10時30分～3時00分 | 日曜日: 10時30分～3時00分,,,,https://maps.google.com/?cid=17480182645060551158&g_mp=Cidnb29nbGUubWFwcy5wbGFjZXMudjEuUGxhY2VzLlNlYXJjaFRleHQQAhgEIAA,http://www.kappa-hompo.co.jp/,places/ChIJ2b-xOGrIAGAR9kHIb4AVlvI/photos/Ab43m-ueGXU5pCf4Cn8iyN0uJMYLFXAjUw3OdLQfmA_jm1kb1mj9Lzxu447ZYCsXUsq8i0PT4SbNj9jnl9UPO927ScvQZsWHrTN0J8UbmgiV7VQ26Cbd1ghm-aS8BG6Grn5X4xU8sZmmJ1JbratZsD589KIxO_-xv518ZkArKYgdQ9KN4N2ZAnFJSczsbC_rYVWpXvj-__or3uOSri_BGC46gR7ixyDMM1e2BAvBCF9VCMmwXEpeyIFd9NgK-37iZwBLdpgw-lSR2jil-F4JZXFjPtVarz1Jx-vWwf9AmeJXpvzX_w,,
拉麵,ル・パン神戸北野 関西国際空港店,ル・パン神戸北野 関西国際空港店,〒549-0001 大阪府泉佐野市泉州空港北１ 第1ターミナルビル 2階 関西国際空港,34.4355093,135.2451217,5.14,4,696,,月曜日: 6時30分～22時00分 | 火曜日: 6時30分～22時00分 | 水曜日: 6時30分～22時00分 | 木曜日: 6時30分～22時00分 | 金曜日: 6時30分～22時00分 | 土曜日: 6時30分～22時00分 | 日曜日: 6時30分～22時00分,,,,https://maps.google.com/?cid=8819687874034690090&g_mp=Cidnb29nbGUubWFwcy5wbGFjZXMudjEuUGxhY2VzLlNlYXJjaFRleHQQAhgEIAA,https://www.l-s.jp/lepan/shop/kanku/,places/ChIJtYO5ZB65AGARKmioiWTTZXo/photos/Ab43m-vKl8K-dBzGYTaO5jv93U9IAqoavkigSz0HBVEx0Pvpa5yunjynyF8ohciUt8SuKZOLNKAJM7Ql07A86lKXj2lvFTaz9lWWYx6Razf9c5hxzI2x3-wnCdV8G83rnQQnawQgcNvQDO-ESpb8h_WWgxOZiT8RKpTMC1Icz7vMuf09d0FmkkAcpZuIpWMQvloDLP1qGcoudryyDqlLpdoyArWeG04I9akbyDSialqMDDc0tZold3F-lZscxBEWpG2vJX5W_r6_pN12xsMcxWJzgP8LwGA8qS6dACqaegtuZwXQGg,,
拉麵,丸源ラーメン 泉佐野店,丸源ラーメン 泉佐野店,〒598-0076 大阪府泉佐野市市貝田町２丁目１４−５,34.4260196,135.34422179999999,4.67,3.9,680,$$,月曜日: 10時30分～2時00分 | 火曜日: 10時30分～2時00分 | 水曜日: 10時30分～2時00分 | 木曜日: 10時30分～2時00分 | 金曜日: 10時30分～2時00分 | 土曜日: 10時30分～2時00分 | 日曜日: 10時30分～2時00分,,,,https://maps.google.com/?cid=870201195002584057&g_mp=Cidnb29nbGUubWFwcy5wbGFjZXMudjEuUGxhY2VzLlNlYXJjaFRleHQQAhgEIAA,https://www.syodai-marugen.jp/,places/ChIJg2AwnoXIAGAR-ds_V2CTEww/photos/Ab43m-vJLQCHCVHkzrnuYtWbDJD0aIJzYClACG4wLufA-yUrUzkN2itVzF2RML8dXc7-776nG1pYEimrENHZ89oTQD2GjsvD90KWlvryVkHnY_SLkiFnl7wQMeNH3CqzpEWGTPz69FPJwUiTz3UyE6KoMh9_a3VJ31T6Y5WKSWzFXVLcWsA0qff8xxkQVI_a4BGcon9crlcyG_jg8_DsNrubcVcy9NzKrELc2qiY2_snwxehUFLCeq1Bcw5dwrfOgV-JNkUAKVi9sgR7M7FyfG6tHEGAKJK-EbuYycYlRIfOMzC_Ug,,
拉麵,餃子の王将 泉南熊取店,餃子の王将 泉南熊取店,〒590-0412 大阪府泉南郡熊取町紺屋２丁目３−１６,34.4026401,135.3528814,5.46,3.5,677,$,月曜日: 11時00分～23時00分 | 火曜日: 11時00分～23時00分 | 水曜日: 11時00分～23時00分 | 木曜日: 11時00分～23時00分 | 金曜日: 11時00分～23時00分 | 土曜日: 11時00分～23時00分 | 日曜日: 11時00分～22時30分,,,,https://maps.google.com/?cid=685736385820795328&g_mp=Cidnb29nbGUubWFwcy5wbGFjZXMudjEuUGxhY2VzLlNlYXJjaFRleHQQAhgEIAA,http://map.ohsho.co.jp/b/ohsho/info/1256/?utm_source=google&utm_medium=map&utm_campaign=profile,places/ChIJ9SPC0OHIAGARwKFoFpw5hAk/photos/Ab43m-tIUd821eYbm0-h-9ir0-ksvyUtip1-jj70Lc1t01JLbxCui12JFfTwQwITHCWs4d5aluFUfI-djCn_vbxfoZGoSEWBFmXwNmXj2AH5qWBYM4SveKWqvMgwl9d7O2VyWLRcKxsYAj7S95XUyrCZ7tXWEPUVHAYtjJuhxk4hujWliFlQ2gswwUd28JDPtfsriyqsjoneUnX_9k5JeXcDlirliXWb5Bsm9RX3dWUe8-6lPumD4-kXg4InioTlMEe3kR4S8Nn0qMtudEDsoPzne5zHeOaE4nsgU9vOIO1EiqJjsdgqwBTtrQtr6DhEC4GGjZOATeE2TYsmhUxkInwZpD5GqHsSObaLD42wjj0nT-pe-IqfXJv0J2vEixmKsOvw7d4RzJQm6q0UH4v-cSCJbMUnj8Yz-X1z5uFNVtJJ7-M2m1w,,
拉麵,らぁめん天風軒 りんくう店,らぁめん天風軒 りんくう店,〒598-0093 大阪府泉南郡田尻町りんくうポート北５−６,34.4016057,135.28916580000003,1.56,3.8,667,$$,月曜日: 11時00分～21時30分 | 火曜日: 11時00分～21時30分 | 水曜日: 11時00分～21時30分 | 木曜日: 11時00分～21時30分 | 金曜日: 11時00分～22時30分 | 土曜日: 11時00分～22時30分 | 日曜日: 11時00分～21時30分,,,,https://maps.google.com/?cid=2767483820494809692&g_mp=Cidnb29nbGUubWFwcy5wbGFjZXMudjEuUGxhY2VzLlNlYXJjaFRleHQQAhgEIAA,https://www.tenpuken.com/,places/ChIJ56cAZPC3AGARXOo7Ot8TaCY/photos/Ab43m-uRo6YBoCBVlA-RB8fEgGNysrUp4SIIHMFTZwuybCY2cGaMh3Xk7uPaz0nDJr5tOYVXJM9zcpo3i9DJdLhP_o3zWoXMaVy8wFkY62JY7RkD5DarbxcjTMNeXSTagTWaH7tnzRDdSvDcP_WKNzdnOc4XD6kJzIeZw9sZB6Wc7-eITEis0o2mCHggPV73FInEaODJZYAjBnJFhAOM_FXiagQlGGr5sUA6iRZyVkgUzi8yah4OOFVHFhVOQoJyHYB1fU9boX7KNTa_w_OBXtlfX4dcIgskQgo8XL8RPLCQKf1asA,,
拉麵,鮮味館,鮮味館,〒598-0045 大阪府泉佐野市松原２丁目５−６０,34.40562,135.3044145,1.32,4.2,527,$,"月曜日: 11時00分～14時00分, 17時00分～0時00分 | 火曜日: 11時00分～14時00分, 17時00分～0時00分 | 水曜日: 11時00分～14時00分, 17時00分～0時00分 | 木曜日: 11時00分～14時00分, 17時00分～0時00分 | 金曜日: 11時00分～14時00分, 17時00分～0時00分 | 土曜日: 11時00分～14時00分, 17時00分～0時00分 | 日曜日: 11時00分～14時00分, 17時00分～0時00分",,,,https://maps.google.com/?cid=12253284230110756685&g_mp=Cidnb29nbGUubWFwcy5wbGFjZXMudjEuUGxhY2VzLlNlYXJjaFRleHQQAhgEIAA,,places/ChIJ0VbzXRvIAGARTb-lKxZpDKo/photos/Ab43m-siOWN4KjHdZFYWvBKj4sxAD23OgirdWtVo4wIERxSop_CnXFa7aNxvhW3CazTbkpzPohHeGB2V-0vi8YvmbRL1nh1AZFXwDE0nCQT_zuavnK4iwLPmD84JG6AjhQO2qqM0Cd-G8vMa-6zjejtwrcOIoH3brkyuc2OXd6KVh0gWouKS_HTsD3MdP20dC_dahNJ0pJGDGWI43NuDeLzXI0_RiM0p95HIjvjSbQeuZTPnQ9zgBFDNEW55oks_BWDtHSHIMP-oH1fXKMB_DvXf5xiNLuUclQPmrZnYqTjlGOTqC3p3fsWxWtFnCS1U664AXSrkCPP50UHhmKNxYL8ovo_Im--UAPbneZtzwBg-0Wz_4LqrIcvaqCtZwBWmBF_9kkU0h7hdYyjfVg3R9nbFt7vjwuWhzgjmHjp1G0Gzsp6oMiE,,
拉麵,ら～めん麺虎,ら～めん麺虎,〒590-0412 大阪府泉南郡熊取町紺屋２丁目６−５,34.4035515,135.351627,5.32,3.7,515,$$,"月曜日: 11時00分～14時30分, 18時00分～21時30分 | 火曜日: 11時00分～14時00分, 18時00分～21時30分 | 水曜日: 定休日 | 木曜日: 11時00分～14時30分, 18時00分～21時30分 | 金曜日: 11時00分～14時30分, 18時00分～21時30分 | 土曜日: 11時00分～14時30分, 18時00分～21時30分 | 日曜日: 定休日",,,,https://maps.google.com/?cid=10844180978018514295&g_mp=Cidnb29nbGUubWFwcy5wbGFjZXMudjEuUGxhY2VzLlNlYXJjaFRleHQQAhgEIAA,https://foodplace.jp/mentora/,places/ChIJ82eyl_XIAGARd3XXAiVFfpY/photos/Ab43m-uPmIvS-bltPtUKzBZW-GAo8Gl9ZLGVJXNAI2nEj7EuQSmMLfmlKNknsL6flk6YlvVYXszwO420aC5QFAATxL3n55tNg5P5Kghqa59KNapNrM9QdZ7CwkeTJ-lX0wbho0054MxsYE42nm85_lklOLxi89rXIr9bZcbFWS8XL4Nl5gkFEAqRLk46RPXTovM7EnjxyTEj9EbjnmMhhdEcpkxE8U6aD-esvpsRL_yARtFDD5gmeadD4zTE_oq_f3a7ja5bdxlfrk0tyPp3K1N1bDBT9z97WYJwLYuAM6OJFeOdOhl58cflOtBPYfaTCqUw9kmvsvWp2IEWf7qfiYcaw5rZewrwzigbSjim1-sU0pTAXFDsuNFOgheiVeZRYWkByXSVF9quo59y6WzSujH9rEQD1WPDfFeflSEZna7EH39n71Ev,,
拉麵,丸亀製麺熊取,丸亀製麺熊取,〒590-0412 大阪府泉南郡熊取町紺屋２丁目２７−１１,34.4053561,135.34683139999999,4.85,3.5,509,$,月曜日: 11時00分～22時00分 | 火曜日: 11時00分～22時00分 | 水曜日: 11時00分～22時00分 | 木曜日: 11時00分～22時00分 | 金曜日: 11時00分～22時00分 | 土曜日: 10時30分～22時00分 | 日曜日: 10時30分～22時00分,,,,https://maps.google.com/?cid=2239955526414486181&g_mp=Cidnb29nbGUubWFwcy5wbGFjZXMudjEuUGxhY2VzLlNlYXJjaFRleHQQAhgEIAA,https://stores.marugame.com/110621?utm_source=google_serps&utm_medium=gmb&utm_campaign=gbpwebs,places/ChIJJZpLxuTIAGARpcqb-K7rFR8/photos/Ab43m-soDocYbi8ehRvTSNrZj5YXXgfgWUryIlwRyCsjYd9GR8HAxbmbl8q0z5uR90J7tEx6_NgtP4czB67XMRbwKU6o66s6TYLpGbbWBgpGvkizKxBV_46mKAAMkzOKlcZanKNlwQXY34yZCcIw9df6dRTrqjAaFr5rsvjsayqx7YWwEToHqwBe3NAR3liSVRqmHOaaKvFwrkZkorifGbk9M1NAAhDF0RcHLA-_A4aqJVMev91An-ugg8CKh8nd_2SdtdNCJgMImjWOGUB_11mN3LAkp3i7cQrEC_Vb6E9i121529sQJ4kSja_AquUH1zOCUTLg-vlzPaX_DKNB6hfP31MxKkxNEk3qdb7vfi5iZcdiTBHXjM5pMPS5p5sBzcDXxd8Lkhk4381FUaOlpG3_bDYj0tuGB2NdQxWhNdVKHqCmqYL00M-hxHsN6l74UUty,,
拉麵,らぁめん天風軒 泉佐野店,らぁめん天風軒 泉佐野店,〒598-0002 大阪府泉佐野市中庄８９４−１,34.4120381,135.3304832,3.25,3.7,455,$$,月曜日: 11時00分～21時30分 | 火曜日: 11時00分～21時30分 | 水曜日: 11時00分～21時30分 | 木曜日: 11時00分～21時30分 | 金曜日: 11時00分～21時30分 | 土曜日: 11時00分～21時30分 | 日曜日: 11時00分～21時30分,,,,https://maps.google.com/?cid=2482217222110807242&g_mp=Cidnb29nbGUubWFwcy5wbGFjZXMudjEuUGxhY2VzLlNlYXJjaFRleHQQAhgEIAA,https://www.tenpuken.com/,places/ChIJNblaHWfIAGARyoRFg2mbciI/photos/Ab43m-uPCi49oOe8peUjimLqzgrWzw4DMSh3Jnz7lUqCz_qmsZl5YCEsC7o1ZGoVyoPEmJU_tyYZDdW-2bAznRn0tbt3esPlweJomjHLC4RqKGnOol-0_3yBqBtvh5LrPlbPOm_e3GoQQfhg9it8vtOQuNN0lVSSN-5wBC1_HKIcCB_kHNdaAWx6erLwpb4t_lIfGj5NCBc201z8NSwLqc8rqXgXWvn6cdUwq6adhdVk44G82_1KXwqtevfCIZT0Tnhc8jwwrxnNAI5uBBVOdPA6YKuuYF7yO5xysrUY3v9j3zSAwRSQ3CHloRErCpXYnORTDXCz1x_ztpW0__ZRfpNsk-sL2faufrkaxrlzv3igOaZi_Wi_umAIbPKd_hd82J5TKwdYT9Mjn5nfyVW5krby-y40FqNyEJI6hiScIsKJ9HHoFg,,
拉麵,なか卯 関西国際空港店,なか卯 関西国際空港店,〒549-0001 大阪府泉佐野市泉州空港北１ エアロプラザ 3階,34.4368598,135.2430857,5.38,3.7,452,$,月曜日: 24 時間営業 | 火曜日: 24 時間営業 | 水曜日: 24 時間営業 | 木曜日: 24 時間営業 | 金曜日: 24 時間営業 | 土曜日: 24 時間営業 | 日曜日: 24 時間営業,,,,https://maps.google.com/?cid=15928420734908042909&g_mp=Cidnb29nbGUubWFwcy5wbGFjZXMudjEuUGxhY2VzLlNlYXJjaFRleHQQAhgEIAA,https://maps.nakau.co.jp/jp/detail/5180.html,places/ChIJP4ltIcO5AGARnQ4pGUQeDd0/photos/Ab43m-uwnX_kZuNLYbgIYUAOT5O8HlogVa5HtfEi6AErBYGNkw7dNUTHUFxZyypB8P1h0wzlzlOxvGYqBCYC1u2azAF53FiwHGohOhOWVQALt7xs3F-JIqbnmsUU7BJ9BKnKwi0JNEI76-V3LqDAYdvR40GidnRzSOoI_XVQUDftLPIq_GWPPsyj75P1nQuji4nKm5m8NeIv87OcJC-XyWrp0S9zXXViK25mDQr0Ye72_zx06EKsmSOgPIbLSVsvJ85Xf0496G-dtvehZ5yXhjdldxtAhqC5tb2OAWMJh2-rcOE4rzZbdsrJDmJyM4Y__ZPEVXC7SLjJAJKuNuFdWf11_SUkncJP-oT6wtA6AbAIFwKjEAbfQwtt6BEb8WnUF_KzQ4O20NcaNhwxyJp_8CTGVmEW3OLaRBhSZG680hsFSGIH51k2XAMQZVe4QaSkhzFg,,
拉麵,麺屋たけ井 貝塚店,麺屋たけ井 貝塚店,〒597-0051 大阪府貝塚市王子１０６８−１,34.4304183,135.35338099999998,5.62,3.6,445,$$,"月曜日: 11時00分～15時00分, 18時00分～23時00分 | 火曜日: 11時00分～15時00分, 18時00分～23時00分 | 水曜日: 11時00分～15時00分, 18時00分～23時00分 | 木曜日: 11時00分～15時00分, 18時00分～23時00分 | 金曜日: 11時00分～15時00分, 18時00分～23時00分 | 土曜日: 11時00分～23時00分 | 日曜日: 11時00分～23時00分",,,,https://maps.google.com/?cid=14956290611395370134&g_mp=Cidnb29nbGUubWFwcy5wbGFjZXMudjEuUGxhY2VzLlNlYXJjaFRleHQQAhgEIAA,https://menya-takei.com/,places/ChIJuWkdSZjJAGARlhy7uRFrj88/photos/Ab43m-tTI6si7R87PIS5oRH1lzb8hMBtBESKfsVQVnwhcoZeom1iiSvANiDfqxDz8pGW_uPGU0EE7VzVq8sz1cFWCTrLWkFG8SlMEdX7HUyOX7KfP4i99LsBLsllwrIFvA3IY-WxHYKhljhlnMYnEYmYG_LLhXlKImtzdilDxpxJjn7eRMZgsIJYFwW6vuL96CsMStWI2A-x2rO8qmnEJ9PMhKRc_y-NkGlgVHRoC4IOaXQehd-RN0e8MCYNWmgzLmv9Vh3QY6c5Qay_uqpqdLKtEOnVj5N7M33B_hu2A_1HN8nqnWnd_l_PiS5V_EjBUUKbAwAqA-ZuoDAQnZXMgXhShVvt7EYvykT5Wwv_DyTVMnRo5LYlIDBnqk2r68y9CKRDrdNzkffIBNrat05jXDbLRiR0iVWyyNiJyxS3UnbbZHJhHI4K,,
拉麵,河内ラーメン 喜神 シークル店,河内ラーメン 喜神 シークル店,〒598-0047 大阪府泉佐野市りんくう往来南３ りんくうプレジャータウンシークル 2F,34.4085743,135.2963566,0.69,3.6,403,$$,月曜日: 11時00分～21時00分 | 火曜日: 11時00分～21時00分 | 水曜日: 11時00分～21時00分 | 木曜日: 11時00分～21時00分 | 金曜日: 11時00分～21時00分 | 土曜日: 11時00分～21時00分 | 日曜日: 11時00分～21時00分,,,,https://maps.google.com/?cid=1509207611810314570&g_mp=Cidnb29nbGUubWFwcy5wbGFjZXMudjEuUGxhY2VzLlNlYXJjaFRleHQQAhgEIAA,http://www.kiraku-g.co.jp/,places/ChIJxQ4caP63AGARSvlEqlPI8RQ/photos/Ab43m-v_03V5x6fXgVjfhJuZz27vLlMXaaK0ahX2Rs8LMYke42GMTQIs7stLdaPe5qpf4p0ZPVG8cTczHbvopiEnzwDILAnOd4ah42-lL9DKXqaKmU-GRmbI2-wLh87AbLgMvhzvAirtLujBTNuIoG6z22DolVNPkR7r78FZ-tMy2asWNhy7ho13EOELrsIOhW7WFFXnJtIW9YI4iCBqf8cMa9LGsJooIH94gYD0mqvU1HzKvomgzJSL8CDRb7elhnr1cmN8YrAR61GS_MBRkQTYPv20XPzoRBLNZxn3fqzr2zAX5NtkNNLYSC2JrQ147tSn7OqQB_h7mdm6fBCnN29nSAVKcCkUfLQXyHYtzU1OSTHDlIshJ13F3D1rMLGiqrT-MUu8VtTpBBe6HAK28vskHeog1taX8lKfrYv0PCsGgIjCBw98,,
拉麵,どうとんぼり神座 関西国際空港 Tasty Street店,どうとんぼり神座 関西国際空港 Tasty Street店,〒549-0001 大阪府泉南郡田尻町泉州空港中１ 関西国際空港 第1ターミナル 2F,34.4343773,135.2441229,5.17,3.7,398,$$,月曜日: 7時00分～22時00分 | 火曜日: 7時00分～22時00分 | 水曜日: 7時00分～22時00分 | 木曜日: 7時00分～22時00分 | 金曜日: 7時00分～22時00分 | 土曜日: 7時00分～22時00分 | 日曜日: 7時00分～22時00分,,,,https://maps.google.com/?cid=1480067768386813545&g_mp=Cidnb29nbGUubWFwcy5wbGFjZXMudjEuUGxhY2VzLlNlYXJjaFRleHQQAhgEIAA,https://kamukura.co.jp/shop/5022/,places/ChIJ71zxoRS5AGARaX4zKstBihQ/photos/Ab43m-uu6AQpIMYVE9gz06xPm3RGg6bjHBtp_G4SaPV2i6EmrA_9J2QbA0RbYx5ST51zGlYn-RF4A7YglHgz4tsCDbBKdOuQrGsBUbzvZoLTij4DVzAXAATRGur2ssoEJOPorHd5yZh9oeMqy33XiZnJ4nHxbnMwmolxqPuM4wNOx2GRdjgD59LyZ7KMJV1CNt12pX_H9F89VYE8dqZdxMV2HTrtbavDswVz2h3-vOhU4pDo77ez1mD6JyC2_zBJ3ocoynK84PgCG-64cYdm05PIcPYz8SBZOoydujPzVTmpEdpERw,,
拉麵,Mensho Ramen,Mensho Ramen,〒549-0001 大阪府泉佐野市泉州空港北１,34.434683,135.24577109999998,5.05,3.8,385,,月曜日: 6時30分～0時15分 | 火曜日: 6時30分～0時15分 | 水曜日: 6時30分～0時15分 | 木曜日: 6時30分～0時15分 | 金曜日: 6時30分～0時15分 | 土曜日: 6時30分～0時15分 | 日曜日: 6時30分～0時15分,,,,https://maps.google.com/?cid=17804438482107600774&g_mp=Cidnb29nbGUubWFwcy5wbGFjZXMudjEuUGxhY2VzLlNlYXJjaFRleHQQAhgEIAA,https://mensho.com/,places/ChIJ1x6JGQC5AGARho9Rr3cSFvc/photos/Ab43m-tr6V4p0NGJ-pqSaa2QzMshrtczzdH3E1GVxA_SrENU8YNHHt3DAtdUrdGDASYr3_2AgEKsi8WSs3f2qRDBWEtMj7UclnP-YzKGxpGY7KXI6a5CmH06pQI-_XpNdSJMSByjduogKbGITzqeX9K727Modg01RACRmpTybFaKIfCyu5ZhM-YequbkJoVV9bgDtl5cRcK6GAZ5RZk-E8TzLlLqAnGd1vzBIsjpadiJyYEOIl4soJZcCeujzIq72P6QzX066vUL-A9_5dWXPO-IT0IQqR847SePY3TtK97CMadKBScQK-bJ8EHq7ANY5Yop4vxzaOvX8lFOCn7VQgrJL5zzdo7o84RfgumWOossKqYVaKg2mLKxf-wP9k9Ijj-pWHFK3_kSNBNRnQuH-8QMJ9NzL1z1dFKBfrqygMJt3f1ZNQ,,
拉麵,551蓬莱 関西空港店,551蓬莱 関西空港店,〒549-0011 大阪府泉南郡田尻町泉州空港中１−１ 関西国際空港,34.4347018,135.2444037,5.16,4.1,355,$$,月曜日: 7時00分～21時00分 | 火曜日: 7時00分～21時00分 | 水曜日: 7時00分～21時00分 | 木曜日: 7時00分～21時00分 | 金曜日: 7時00分～21時00分 | 土曜日: 7時00分～21時00分 | 日曜日: 7時00分～21時00分,,,,https://maps.google.com/?cid=6070570560374474864&g_mp=Cidnb29nbGUubWFwcy5wbGFjZXMudjEuUGxhY2VzLlNlYXJjaFRleHQQAhgEIAA,https://www.551horai.co.jp/shop/list/53/,places/ChIJl7KRsaO5AGARcIgQ68L_PlQ/photos/Ab43m-uIkcETErWniXLxDLQHgpTS3jW76p7TCSCXDEPle7bbdpQ5r517UHSSzNElllnbQXtg_x6ZlaTGyvteuMbXtzLZa4ouravZZ4vpNlVFz0YsL4-3Hn3CaPpoWgTCRnqn6pLi7TuIeZjgT9A5ACMydRqNd5ghL7lNGXBAEmFM1iMY5aqvyL9NdEvtAYw1apxOJosRsqBnrGfQTiIHT4YxYzviedTWZk4f32cDAA_wh-gDgIG3w1BmTGnq8bHQC42WbedzH56BUSQo9spQLDi6zuL_l9aK7AU2iCbV-t9g9Tf3sarHj_scdnZOcGO3a6UgHdH0zRN1cGN-jl53X5HHtI6Z6q7dRgKLq24cASDTk7i04w8Ajz8_LFNmBUHvd05EodpaA6pn2VfR__1IzQIEoXKmNqjBpEN5jJYiDtPrY0IqTsn9MJ90bQQY8FQT-n9V,,
拉麵,快活CLUB 26号泉佐野店,快活CLUB 26号泉佐野店,〒598-0012 大阪府泉佐野市高松東２丁目２−６４３７,34.4036534,135.3153773,2.22,3.7,329,$$,月曜日: 24 時間営業 | 火曜日: 24 時間営業 | 水曜日: 24 時間営業 | 木曜日: 24 時間営業 | 金曜日: 24 時間営業 | 土曜日: 24 時間営業 | 日曜日: 24 時間営業,,,,https://maps.google.com/?cid=4761575602643396873&g_mp=Cidnb29nbGUubWFwcy5wbGFjZXMudjEuUGxhY2VzLlNlYXJjaFRleHQQAhgEIAA,https://www.kaikatsu.jp/shop/detail/20537.html,places/ChIJxzjJmxXIAGARCem5XsiDFEI/photos/Ab43m-vFpUB8mkHXvDOBmDWSDZQNZKjJHV1qac5HjTGihKAEZujHUMLemo4zzy6QLDWVIzNyovjBPnu_I9om84DGHi93T8a2a-h8zSsCbvVIV6Phb_Xq4iA6qGTEfofnstvOwnea9aNWH3z98k1muyzZd-Dn4T00ONC-RBowgkSFgkxQdoqvu6AkYunIJp7FtBG7wL3nbmzXbCLH2WbRS1r-g8O54aSVsIiji7ayWtcWT63NsbJb-f6T8yFZQCSvyax4cGPON4Nng--zC-l3vyXU8wpWz5-ErF2GJ4R0AW2NO8ra2Q,,
拉麵,のらや 熊取店,のらや 熊取店,〒590-0451 大阪府泉南郡熊取町野田１丁目６−２０,34.4010963,135.35825169999998,5.98,3.9,309,$$,"月曜日: 11時00分～15時00分, 17時30分～21時30分 | 火曜日: 11時00分～15時00分, 17時30分～21時30分 | 水曜日: 11時00分～15時00分, 17時30分～21時30分 | 木曜日: 11時00分～15時00分, 17時30分～21時30分 | 金曜日: 11時00分～15時00分, 17時30分～21時30分 | 土曜日: 11時00分～15時00分, 17時00分～21時30分 | 日曜日: 11時00分～15時00分, 17時00分～21時30分",,,,https://maps.google.com/?cid=1138252040816990412&g_mp=Cidnb29nbGUubWFwcy5wbGFjZXMudjEuUGxhY2VzLlNlYXJjaFRleHQQAhgEIAA,https://www.noraya.com/,places/ChIJDwh7diHJAGARzJjCTTPiyw8/photos/Ab43m-uR0BhVcAP3rhmB9j9YLFSioKN9WA1ypjTzF2tUnK9XIvAq8uuw-Lu-xPQmoMVG29gf-GgwZmlF1oZDnTQgx1Ep0cF1p5Nu11quj6iJesVk-ABDLqN07cO53iNkrr9uTPRPuwJdbgUT_Qo94xSKtPmGgg2H-BLGN6hjKzOIOy5DTjWLAl3vPdF-VlzIoXbp_aACXex6VN4t7K21w7B1m3K33s-pMtkpmKgp7ednkHggOnmgM9NsWQjF3zcrhB7XNPH-hhCGul4XcF5BdycPfVX2jDpFvHoF1ibKYAUFdj46tOopP5-UxZGleAzBTtgk7JURXw9WALKIl5ycOh_QEe48N_5dnXCeeeTMj2abYYe6kNnV1xcMFo8DLty3T58PN4UJpM2umF4cys1i7igSp3xYLIJKtJnM_4suXz1Zg4HdqQ0,,
拉麵,本家さぬきや 熊取店,本家さぬきや 熊取店,〒590-0402 大阪府泉南郡熊取町大久保北３丁目３４１−１,34.406132,135.34525,4.69,3.6,309,$$,月曜日: 11時00分～21時30分 | 火曜日: 11時00分～21時30分 | 水曜日: 11時00分～21時30分 | 木曜日: 11時00分～21時30分 | 金曜日: 11時00分～21時30分 | 土曜日: 11時00分～22時30分 | 日曜日: 11時00分～22時30分,,,,https://maps.google.com/?cid=12213006753798184323&g_mp=Cidnb29nbGUubWFwcy5wbGFjZXMudjEuUGxhY2VzLlNlYXJjaFRleHQQAhgEIAA,https://r.gnavi.co.jp/297h15sa0000/,places/ChIJN6nrwvrIAGARg12Wb-9Qfak/photos/Ab43m-vPFM71CQ220LRcn-RPVXcftMI4JkvBoqIgiFkHKSs3WSkc1_cQOdE9u8uRiyXYA280YI7H3dFIaiVJH-YkcfRROamgXtKJhSM9-HvUf6OL_DgcschnVoYSBVdeCkjD24tEKQocrSADhjxZnfOkNZ4pUnODcpS8o3v3LH5jr3tr76jSEHS5YBiILGn9NRoInslf6BLTXtx-DuVv0YbCbgx_L0v3gWoTeMIHdq0setganao78dDd0xHc4trtbi8JWMf9ghHmuZGaWRlir39jkl7cDuZ5oAGD0GOQlfN5PQGeiKAx_u1fR13WZsefmbczElB0O0CLHP8TUflbjfPNTQ502TKlKVhzencX8eJEi38GC74TZ8drNv9_JrM67fMUrirZJ8p-6YHAVF9TGWu9FU9NF-UoY07dZvHiPLHZwCdo-jgt,,
拉麵,政勝軒,政勝軒,〒598-0005 大阪府泉佐野市市場東３丁目３−２６７−１,34.4083672,135.3247528,2.8,3.9,298,$$,"月曜日: 11時00分～14時00分 | 火曜日: 11時00分～15時00分 | 水曜日: 11時00分～15時00分, 17時30分～21時00分 | 木曜日: 11時00分～15時00分, 17時30分～21時00分 | 金曜日: 11時00分～15時00分, 17時30分～21時00分 | 土曜日: 11時00分～15時00分, 17時00分～21時00分 | 日曜日: 11時00分～15時00分, 17時00分～21時00分",,,,https://maps.google.com/?cid=6601860560178636262&g_mp=Cidnb29nbGUubWFwcy5wbGFjZXMudjEuUGxhY2VzLlNlYXJjaFRleHQQAhgEIAA,,places/ChIJpwC7t2nIAGAR5uUbijOFnls/photos/Ab43m-tozk9tGGUeD_QT0KhWEsXSkGkSCeYMrd4qpzJ424JmVrJb-6qZlMkbaXu_lZTPIITjrWDpaiLV06UenSEpY6tUCaJlsPKJaWkqwCc9RgR4QTxCeq13ZfRLCgOZ_ABEtAdbdAw-f8EEHgiEFXtuKgEbD3dboNncfDywiMwTn2oGC-gv-pcHLnodcCAQAmOB8lcsWn2mYIMCMOQHcUZ_Qwd0tvfFAjCuhnUSHHWDZuCZBIKIgNnESRRGOxu3jaoTAnFQUJAy2OvekHmmH_4efTpMajF0Ssr7Xju0NWO4oPGgNoMctBO8Xkj6uaFWo6Rh9czaciJ-KHAECH_dCQVK3MiRkk4K8l2z9flFggrNmuK5jSEw8gBoKEmADtluo2rd94V4Ru1ABMEmBC8AC20o0EIxCB3QmiydbXadhUYYIdO1UkEO,,
拉麵,四川料理 蘭梅,四川料理 蘭梅,〒598-0007 大阪府泉佐野市上町１丁目８−２６,34.409146,135.3240404,2.72,3.9,291,$$,"月曜日: 定休日 | 火曜日: 11時00分～15時00分, 17時00分～22時00分 | 水曜日: 11時00分～15時00分, 17時00分～22時00分 | 木曜日: 11時00分～15時00分, 17時00分～22時00分 | 金曜日: 11時00分～15時00分, 17時00分～22時00分 | 土曜日: 11時00分～15時00分, 17時00分～22時00分 | 日曜日: 11時00分～15時00分, 17時00分～22時00分",,,,https://maps.google.com/?cid=17390399228433398552&g_mp=Cidnb29nbGUubWFwcy5wbGFjZXMudjEuUGxhY2VzLlNlYXJjaFRleHQQAhgEIAA,https://ranmei2006.com/,places/ChIJ4a6kCmnIAGARGPv_wPUbV_E/photos/Ab43m-scivufTzU8GQ6cSddsUJTX5sbMKq4OxKiJ2y62FiHfY9BUTgc12Q9sK-HAxGDtYIZVLLJn-mEc6bNw3Z8mcx8bjKhrHhJP6dJ9VWBAuXzOHLA23MrcN2KsJ7d82IwjNnWxAGfYzbTlO_j7zR7iApJSwv7L-lb4_pJqgEkeCenPe8cFSiiL5aK-hJjRSMUgDwME_tfn-_cljJrkNAzgVR4NdhQfIn2cMJJgpkqiJch5TToqifSIHWp5Qjn5B6-I5q8jHVIpy-DzRlBbNHDDos32iWCOo7XXsG9bHT0BTg6JQyFJxjgARXV2_WQz3FriSTGkYTnCnwLEIrOcaVef5FcdLuqRKd4AIAwlFT2zQWpIB_Q9P7hCkC__M7SYUPO1z-noOTkH37ZtSF9izvgTFRP70XHBPVRYJIifeqDUphDFZv5J,,
拉麵,麺工房,麺工房,〒598-0033 大阪府泉佐野市南中安松６８９−４,34.3929762,135.30600350000003,2.61,4.2,280,$,"月曜日: 11時30分～13時30分, 18時00分～23時30分 | 火曜日: 定休日 | 水曜日: 定休日 | 木曜日: 11時30分～13時30分, 18時00分～23時30分 | 金曜日: 11時30分～13時30分, 18時00分～23時30分 | 土曜日: 11時30分～13時30分, 18時00分～23時30分 | 日曜日: 11時30分～13時30分, 18時00分～23時30分",,,,https://maps.google.com/?cid=6644342034615613174&g_mp=Cidnb29nbGUubWFwcy5wbGFjZXMudjEuUGxhY2VzLlNlYXJjaFRleHQQAhgEIAA,,places/ChIJsZtoXSTIAGAR9rZ1k-BxNVw/photos/Ab43m-s0acMGGbnEfIxZZkLxlYSDieDa7syCf02SOBzCc-h_OHtD0eGdC09VlEg5mfBsoMZ4lC4GhB74nCJzIlbvOyezvwpxeR7-5xRt8ToZ1nKGhvYdmNkItadDfhCZwUuxDuQnzPqIwoX5VDkabKdAgXUi_i56As9VPbvpOti1T_O2HZstt0AUKL-Axd7PJn62jQcjJ5YZsoK9uMtQOq-3jcTojKIEnRAfbUmM163rxa5ns9BvAUHkyJp1ygWV2BopA_uadvnMXH7Hiq48insOu-5XzIrTaQEigij9J8PvQOt0Lfm8bPUJeDpkcp27RFBCsxI8o2Oqnrh1XQlSIsKJe-4CaPwg_KhxkZaUW4nZ6VGuRfYJTrx7cEAbA-sLHnpM1QUwXKYxpV10Br1T4urvg0WxiC0bTc7AYUD-4yGjIv9T9ahmzmRFH576nCPOQian,,
拉麵,ラーメンASAHI,ラーメンASAHI,〒598-0007 大阪府泉佐野市上町３丁目１１−２５,34.410647100000006,135.316365,1.99,4.1,270,$$,"月曜日: 定休日 | 火曜日: 11時30分～14時30分, 18時00分～22時00分 | 水曜日: 11時30分～14時30分, 18時00分～22時00分 | 木曜日: 11時30分～14時30分, 18時00分～22時00分 | 金曜日: 11時30分～14時30分, 18時00分～22時00分 | 土曜日: 11時30分～14時30分, 18時00分～22時00分 | 日曜日: 11時30分～14時30分, 18時00分～21時00分",,,,https://maps.google.com/?cid=15906249806869048810&g_mp=Cidnb29nbGUubWFwcy5wbGFjZXMudjEuUGxhY2VzLlNlYXJjaFRleHQQAhgEIAA,https://x.com/ramen_asahi_,places/ChIJ7f5cgD3IAGAR6i0Op-xZvtw/photos/Ab43m-uILa4qoe91AlOXuvKwGFRWJ0LS9qjM2Q3_yXKEt1__47BCO35n5HH76e6MLO-LdGArBGssMGbPoAohCyAbSdBZH3OP-kSEDjue3tAw0FhAf2ulnaqMsseX5aG8TXTNgmps6dy4t5yO6d4scn__299ljdZVxMkTAWaWBRBUorQwzljUG9uJ2_AYaP-bQ4SUWZq8SjLbZElWdk-KAeGNfGDe9dZxLs-xCHmWWg3LPY8I1_tEIKVe40GzlOcc9oRHpodjN_9BsufEidj7ThS8M0x15QURG1xQ7Z7aTpkMhOvB0VI0gsBS2k4iIEjEhxMHepJd9wCUIxCgGIY-rcnWxU_a3-g1saVWRtFKeFJdg0OmG9tkcy1lhoMOjsifKMgQxAvROuABV_4n9LfzTS0HJP7jgnvDlAXGRRTFIMlzCAVPdQ,,
甜點,りんくうプレミアム・アウトレット,りんくうプレミアム・アウトレット,〒598-8508 大阪府泉佐野市りんくう往来南３−２８,34.406464299999996,135.2954403,0.92,4.1,15426,,月曜日: 10時00分～20時00分 | 火曜日: 10時00分～20時00分 | 水曜日: 10時00分～20時00分 | 木曜日: 10時00分～20時00分 | 金曜日: 10時00分～20時00分 | 土曜日: 10時00分～20時00分 | 日曜日: 10時00分～20時00分,,,,https://maps.google.com/?cid=14141131390446530690&g_mp=Cidnb29nbGUubWFwcy5wbGFjZXMudjEuUGxhY2VzLlNlYXJjaFRleHQQAhgEIAA,https://www.premiumoutlets.co.jp/rinku/,places/ChIJJ9Tyyv63AGARgvCwoRNkP8Q/photos/Ab43m-uob9OJamvCKL2Km0t73nxpIg5qxBznEx6DQkTUdOnPuw99MgRzguff6LUQ819QOetkRVYzDV4tw3ivlZuZfM_YgrVskGSOCRzXK0ApOsMVx54qcvnLorpHDFLgdzAY5SPCAWEzaBXUUrQ62kuaBSufgHDt5AWdH2gSRkRtg6mJ3szcCI8mH9xVHBnEr9-qft3GlBuA41xCf_TpxULBZmjiuu5oCQe_CFkJ62rmQbujZg_W9EHlT7afQg8BK-n-JZyNVLPIKFMGiu38RsWuBFCefnczlXSLFOf4vaKW9KXS4g,,
甜點,りんくうプレジャータウン シークル,りんくうプレジャータウン シークル,〒598-0047 大阪府泉佐野市りんくう往来南３,34.408847099999996,135.29741529999998,0.68,3.9,5555,,月曜日: 10時00分～20時00分 | 火曜日: 10時00分～20時00分 | 水曜日: 10時00分～20時00分 | 木曜日: 10時00分～20時00分 | 金曜日: 10時00分～20時00分 | 土曜日: 10時00分～20時00分 | 日曜日: 10時00分～20時00分,,,,https://maps.google.com/?cid=15014762448724928761&g_mp=Cidnb29nbGUubWFwcy5wbGFjZXMudjEuUGxhY2VzLlNlYXJjaFRleHQQAhgEIAA,http://www.seacle.jp/,places/ChIJU4kOZ_63AGAR-agfP-UmX9A/photos/Ab43m-sM9oVdoCee66STgFj59mOEqMTY5GnxzYX4pf-B6kyFmOrkdgxX6c7Z1a99lxp_WHpq2OP6upUuOS89cJE7uZYSYlCLTk2g2h08Cxi2pNv0_XyrCKRARAgnY6FKaS42vdT19GFIM9QfTNQoYQht9fPHErkawZmcnQk16PwVcyO9eSvOyfXIzQn3t9xv-Cs8kbzwN6TxUZnSJK77CndcVkKUZJ5FYZx7LCll8E_chnTbWOdBi7JPaq4ErFUKpA3qQmOPORwS61gKo1G3rwNuRSjUsTGylBOadhEuF5PKMlAnDH58OqhgcgEp05VXdIVUvh5Ct00ERvYkJHVzThAwdcScbi3Ms7xSH2JnoTkrXTEMIx6llfqON8rzyFMXsNK5xssMJvPJlQ1-zbj7PYZhomlmgSgPuuiAhwVf9p6oZAe3TA,,
甜點,エアロプラザ,エアロプラザ,〒549-0001 大阪府泉佐野市泉州空港北,34.436912299999996,135.2429005,5.4,4.1,3994,,月曜日: 24 時間営業 | 火曜日: 24 時間営業 | 水曜日: 24 時間営業 | 木曜日: 24 時間営業 | 金曜日: 24 時間営業 | 土曜日: 24 時間営業 | 日曜日: 24 時間営業,,,,https://maps.google.com/?cid=6342467815302522402&g_mp=Cidnb29nbGUubWFwcy5wbGFjZXMudjEuUGxhY2VzLlNlYXJjaFRleHQQAhgEIAA,https://www.kansai-airport.or.jp/map,places/ChIJYx-ATmu5AGARImZ0yt_4BFg/photos/Ab43m-sdLUcUU_du8I5zn3rhY35waGl0CG1yH2KcFMlghR1uqYdo8uyIHU78_X8pidrux-JvQJ3rCsT8oMf4t240KbfIZOVbC7NVI4PTjoOOyquVQOOPHmlVTfZWfkzgVdawfYXtjB3k4kVGIzvgxDB3nc-ws3QtxSeVM_CiBtdBlhcemPzpPtKIbHCwxFJyP0StIsemgjPPWo_ya2VZdGfxpsXyjdwjvWeLkLtFafIC-wYLX23MtVLisIoNLzQnBbzuXR3qPotXkUB5m-81934q9e5nHivBGx8-30lXsSl_DOXbZhOGzvMuHnXK9b8fKqr9PmhVEW5-l4WfiBFFMEQY3DoDaL_Uv7ZCk5hS7u_tzZ9l7L271AdilavKTOTO8LTvUKbavIKwpOJzuyslbFXTLJeZy6fgMzy0hdGsJ6t-u0RWlOl0,,
甜點,スターゲイトホテル関西エアポート,スターゲイトホテル関西エアポート,〒598-8511 大阪府泉佐野市りんくう往来北１,34.411170999999996,135.2998903,0.58,4.1,3140,,月曜日: 24 時間営業 | 火曜日: 24 時間営業 | 水曜日: 24 時間営業 | 木曜日: 24 時間営業 | 金曜日: 24 時間営業 | 土曜日: 24 時間営業 | 日曜日: 24 時間営業,,,,https://maps.google.com/?cid=6847443493239423900&g_mp=Cidnb29nbGUubWFwcy5wbGFjZXMudjEuUGxhY2VzLlNlYXJjaFRleHQQAhgEIAA,https://www.s-gth.jp/,places/ChIJ22UvLQDIAGARnIMY6pMBB18/photos/Ab43m-urGAsCnKlnKSLd0rz2QpEj2A9-5yTMZcxlkj1Kf3BRV6GLOBVnI234awDVm9qMDNaV3C5fMzUgVtDvwhxemWajA6aAbtvO1dBy8rGVlEXGaDMRgzJRbmmalVtzicus8eEzFlKYj0Xd4gVw1JfdZzx3irPVcbsChemMpB3yKRPuX25Ycj8GIazOrpViwhJDwMGts2-IJBkeFm54TL04oritPBfqx6q_DZqYiRgegmtHypNj_WtGdcMBPEMNEEUE6zUoWa5Vi8QB-wGvE9GsJSuWxaYZCuD8DVE0zSiBk2wLXA,,
甜點,イオン日根野店,イオン日根野店,〒598-0021 大阪府泉佐野市日根野２４９６−１,34.3924178,135.3341868,4.35,3.6,2046,,月曜日: 8時00分～23時00分 | 火曜日: 8時00分～23時00分 | 水曜日: 8時00分～23時00分 | 木曜日: 8時00分～23時00分 | 金曜日: 8時00分～23時00分 | 土曜日: 8時00分～23時00分 | 日曜日: 8時00分～23時00分,,,,https://maps.google.com/?cid=7494932253124609709&g_mp=Cidnb29nbGUubWFwcy5wbGFjZXMudjEuUGxhY2VzLlNlYXJjaFRleHQQAhgEIAA,https://www.aeon.com/store/%E3%82%A4%E3%82%AA%E3%83%B3/%E3%82%A4%E3%82%AA%E3%83%B3%E6%97%A5%E6%A0%B9%E9%87%8E%E5%BA%97,places/ChIJO8O2zFTIAGARrUYcoyxZA2g/photos/Ab43m-skSGum-AImznd9uZ2XlMwL5Zx3bStCIUgGB7q3qHEbErwFUcMylvBorAnSDYKH1FasRjjyxHa5pLg2-QUvyZUpZM0OCVfLIOk4TqLlw_mitmHvpgzQuYtJqip8FdHwDQmM-oE5Nlv-uV6kjD6Q_A8yH4TpVnis7GlQzV-tiN9gjRwZiga4mzLo0xJ-zjYvStOqoGB3vIW0WTttipNdhvofJg90QtuPU80M7pw0Mw6v71rFVPvkJmPm176hSK_Z4EZhKMv_yaumATzAQo19hdo8BW1G07SHCXa1sr8A8_RfBrO5W6f8K3rtTVmMS_YfyfVs0qMndrGgJWG1iYViRE86ayg7Uys2K6fWP8IN9IogSaOpT0cRGwg3Sb9FfuqWrE9QoBgzrxt70V8MzKw8QNX7VKjuiwzwUIwqtDpGFQSAJw,,
甜點,OMO関西空港 by 星野リゾート,OMO関西空港 by 星野リゾート,〒598-0048 大阪府泉佐野市りんくう往来北１−８３３,34.4103473,135.3009275,0.71,4.2,1735,,,,,,https://maps.google.com/?cid=4656933647063665032&g_mp=Cidnb29nbGUubWFwcy5wbGFjZXMudjEuUGxhY2VzLlNlYXJjaFRleHQQAhgEIAA,https://hoshinoresorts.com/ja/hotels/omokansaiairport/?utm_source=hr_google&utm_medium=mybusiness,places/ChIJpyZX-s3JAGARiEnLf3rAoEA/photos/Ab43m-ueq-Z0VF6GjHvz88eN-jOW-wbw9LrcDQHHRbs1sb-he_v4vIX7memJDXPvB9danZvmoxYOpAJJo7iuLFrW85uWVCWY2NdcjsiCc5e239lMhbPWzkOuQpDBMlosVNjLdWK4AFYOYTGk5arodvsIum0iHik5MCD8J_aeuK2TXJBQEDBVhW2BH1eBSR3vdG8EHiaD6Qzpzw_dxmOwJYYh02Wtg1St1_u6N4zotSUgKhyYsrFv5lWNWUcFXjiE3WlXkl028X43y-GWliTtt5b8B13HNfgncJXvm_Jnnn4-9SFqhg,,
甜點,KUA`AINA りんくうプレミアム・アウトレット店,KUA`AINA りんくうプレミアム・アウトレット店,〒598-0047 大阪府泉佐野市りんくう往来南３−２８ りんくうプレミアム・アウトレット 2F,34.406197,135.29439399999998,0.95,4.1,1094,$$,月曜日: 11時00分～21時00分 | 火曜日: 11時00分～21時00分 | 水曜日: 11時00分～21時00分 | 木曜日: 11時00分～21時00分 | 金曜日: 11時00分～21時00分 | 土曜日: 11時00分～21時00分 | 日曜日: 11時00分～21時00分,,,,https://maps.google.com/?cid=5518216984430671044&g_mp=Cidnb29nbGUubWFwcy5wbGFjZXMudjEuUGxhY2VzLlNlYXJjaFRleHQQAhgEIAA,https://www.kua-aina.com/shop/110.html,places/ChIJaxWkbPy3AGARxHSEThyllEw/photos/Ab43m-uS5PVKvDj-RD4zrCq_YYtFoJSgwMOwUXM3kSr8acOEpy35w3Dc8V1b23yvlMtNviBfwz-nwMntqo80E_BFuH5m_KJIPPxV3lBxd5ZgFbBTdcucMxTRcIno_bRHfbdPNLf4iePrMJUSoholmfxC5idEUAL7tghY2QtbY31T1qhaEyJZCzs12tLZ16D3PEo6ZGRz2dsthnewf47FryccCZCUnAM_ezb9znEpTsRibFOe8jQ88vVwuS9IwGkDlrgf8yLDPRR4B7dwMmaJ_n_2JcrSdVK2VRGRzZgnpDAM-YnAPjmXM4UoCrRKE-d9sqqJG5libpzUdSetyMQlEceXzjK9ZumG-bHpqBIr3uEq8GFSMKHYeVG6mFB51UTZ1wICgXx17c9qRw4s7DeJjFZHwP-AveeT0B9Hu2reLZE-cRhpXg,,
甜點,オディシススイーツ大阪エアポートホテル,オディシススイーツ大阪エアポートホテル,〒598-0048 大阪府泉佐野市りんくう往来北１,34.411451,135.2998282,0.56,4.5,1090,,月曜日: 24 時間営業 | 火曜日: 24 時間営業 | 水曜日: 24 時間営業 | 木曜日: 24 時間営業 | 金曜日: 24 時間営業 | 土曜日: 24 時間営業 | 日曜日: 24 時間営業,,,,https://maps.google.com/?cid=9589354795952735103&g_mp=Cidnb29nbGUubWFwcy5wbGFjZXMudjEuUGxhY2VzLlNlYXJjaFRleHQQAhgEIAA,https://www.odysissuitesosaka.com/,places/ChIJhYCEhhnJAGARf4PzXWE7FIU/photos/Ab43m-sxmau6YoQoZEKl2_haKUNl4xvzIAkmygMWYVv4Foe39zcjcLPc0uKT9CGC1kLLmaUmxbTzX1VFwDuflY9BG41L42bT184p3tX8W3pxOq7IxyJnHr1K9aKyrGaLmYFy73WuskG00eh9FQBW5iN66JU9hNEc83gzUClSYFBlNjz09Z8FD5hLRFZsPh98CTZmHwiUm4QIWC3uMiXBQyT9-l1Gm4R6o8qQmd9YR3893DuM6qmxnMZGxtKr9eHqYp4Fll2yU83TuqNH3PK1c6hE8EoF9obUgflKj8HLGv_VXSN9eA,,
甜點,マクドナルド 関西国際空港店,マクドナルド 関西国際空港店,〒549-0001 大阪府泉佐野市泉州空港北１,34.4355471,135.2452994,5.13,3.7,1009,$,月曜日: 24 時間営業 | 火曜日: 24 時間営業 | 水曜日: 24 時間営業 | 木曜日: 24 時間営業 | 金曜日: 24 時間営業 | 土曜日: 24 時間営業 | 日曜日: 24 時間営業,,,,https://maps.google.com/?cid=194858985387868945&g_mp=Cidnb29nbGUubWFwcy5wbGFjZXMudjEuUGxhY2VzLlNlYXJjaFRleHQQAhgEIAA,https://map.mcdonalds.co.jp/map/27751,places/ChIJ33U9HxO5AGAREUNW_TZHtAI/photos/Ab43m-s7rMzZgvENMuDKNxdRR9my_j46bW8V72Jc6qejA1TFdYnIjA5ess9Pgu1wpjI8t89uNuVRVsgLoYYjug0t3x6xYORPgmr9MZCWur38J1oeDXHDxP4p_4mqKvaX8nMSoQj_vkocLlFmA_wf_qAHBDV_AgmC039fgHpnLiCBKoQgaaz4XJq_jADDzwNE_ZjqcikssLXpoBW5wJEB8k8jcuAuP_H0W1im_jgY8_QXkxT4OxMt1eq59W376n2UVqzkrx4d4-7Sv6JaHJSTZbValUipwaxkQLbviOmufQBnULqaEYVGXVo7mll22YQ_iqISWf_AY9CE7xJ3d-eSSGFOjAJoXtQnoikcbNsUNK25PB9kMGW_rTOEWaal6mm-wTiUqLiaQjjR9rdd6NMKxoyjXMyACtk6ZV-Ptkk-IEYe2ktZcYvH23j8RQPsDj2i4g,,
甜點,桜珈琲 泉佐野店,桜珈琲 泉佐野店,〒598-0002 大阪府泉佐野市中庄１７３５−１,34.4137106,135.32621079999998,2.85,4.1,864,$$,月曜日: 8時00分～22時00分 | 火曜日: 8時00分～22時00分 | 水曜日: 8時00分～22時00分 | 木曜日: 8時00分～22時00分 | 金曜日: 8時00分～22時00分 | 土曜日: 8時00分～22時00分 | 日曜日: 8時00分～22時00分,,,,https://maps.google.com/?cid=17259093738569994859&g_mp=Cidnb29nbGUubWFwcy5wbGFjZXMudjEuUGxhY2VzLlNlYXJjaFRleHQQAhgEIAA,https://www.sakura-coffee.jp/publics/index/97/,places/ChIJ15eGE2_IAGARaxKiCFCehO8/photos/Ab43m-teIkIQP4r1BgSdmsgLWRNsqcw-sIp85ZGc-YYUV6wI9AKlPfaUR5gqeUfdNo4NCgAmv5IEGgD8KjY22YmmKMtJsAwlHuNcBLTw9PQkSqHvLEuzG-20jgr6NCLA6z-HFry-dR1zuOaYjtIZSOGP2-E7djwi0dxyGYlrFzef0PzIb5Yvp7g1i0xEiMB_tSTinmbLzI3ij_06fTUarFQ45c5TGo21IzkpRAQ9LguvN3d_RUUFKXHoEkdYxWFH2Rd4Rdi2NgHyIgoxqPj2ARROtuVnRoDk4Iavklt5xfxkVkl-JjOqkB-o9v6zg6W42arbPzGH4--DWrlv98_-w322MJKFNBu5908KoPDI0ch3sAGmoWtlH4ft97q5hgyUSInCG_UT1MqQuEPyi_NfhI6Qk-u1OipyivVTkCLAs5RBk9C45b_vJoGNf3YzextJvRiY,,
甜點,スターバックス コーヒー りんくうプレミアム・アウトレット店,スターバックス コーヒー りんくうプレミアム・アウトレット店,〒598-0047 大阪府泉佐野市りんくう往来南3‐28 りんくうプレミアム・アウトレット 1F,34.4060056,135.2941045,0.97,4,854,$$,月曜日: 9時30分～20時00分 | 火曜日: 9時30分～20時00分 | 水曜日: 9時30分～20時00分 | 木曜日: 9時30分～20時00分 | 金曜日: 9時30分～20時00分 | 土曜日: 9時30分～20時00分 | 日曜日: 9時30分～20時00分,,,,https://maps.google.com/?cid=9633072469691776757&g_mp=Cidnb29nbGUubWFwcy5wbGFjZXMudjEuUGxhY2VzLlNlYXJjaFRleHQQAhgEIAA,https://store.starbucks.co.jp/detail-187/?utm_source=GMB&utm_medium=organic&utm_campaign=store&utm_content=187,places/ChIJmZHV5Pu3AGAR9b6Se1-Mr4U/photos/Ab43m-sZP_0-ziBU5s5UpIbeDVLgixnpFoE5vOP4iKh0O6EQ-TokUwvl3cgZ-LULHFj6EaRSYggVCHbXX-GHRdpovVdV6-l2UdBzMJsrxhQJ1gHd6j4U1wRJYJi4nQyG0kcC4Xe5yL3N8hfhiSJJAWF2mWENixrP4OpmMnSOLoUQT-TH7lph9dG2YuBwTyzs7A8XRf5mCY_X-Z_3-ZiO7eiTJNIsK1IOgkZFILfL8O7yu1skq_lpi-W2Y_Uqf3d8a9sRL6jHBQT_txwmMjg6aF7WysSgku0V2i0ab2hgrTNDHqnmZ8r9HmzSDW6pGvAvo8_TZ_Q6TvQ328-vK3MKiVw6fJyEsjckIKBG_fNBwLyrkDOHYie546c8XHO8Yf2zxR3Jjkxnq2Jwgl81i7PGG9RD-i1vBwEqpVX_lEREhg6EDp0s9de_,,
甜點,コメダ珈琲店 りんくう羽倉崎店,コメダ珈琲店 りんくう羽倉崎店,〒598-0046 大阪府泉佐野市羽倉崎１丁目２−１２,34.400641900000004,135.2985053,1.59,3.9,571,$$,月曜日: 7時00分～23時00分 | 火曜日: 7時00分～23時00分 | 水曜日: 7時00分～23時00分 | 木曜日: 7時00分～23時00分 | 金曜日: 7時00分～23時00分 | 土曜日: 7時00分～23時00分 | 日曜日: 7時00分～23時00分,,,,https://maps.google.com/?cid=242420311958268075&g_mp=Cidnb29nbGUubWFwcy5wbGFjZXMudjEuUGxhY2VzLlNlYXJjaFRleHQQAhgEIAA,https://www.komeda.co.jp/shop/detail.html?id=536,places/ChIJy3EM9eK3AGARq6icRP0_XQM/photos/Ab43m-trQqtWBdZ8BlyKGsdknw_N-tv6LxnH9LgycP7_IOfEpdXVEk6qPu4fj-_e-ZgpgJ2UmFELwZgiWXXEWDDfndHHPvloLO8U5vSaMb8_7IqVkzykw-xFXgwqiibDNZnTwq79JYlwWHSB01c_04E4N3PItpT1RXvA3HAFqogUkOSKXE3khgfOVCtapDC9r3GeQgLl-ng73NW1jgeLjHxCUd_Vb1lskT8k9v1BESXMcyB0tQhQYOuhmsyQIS5jqAGOFVSwx7SdTFqtyW9SY-2HcJvMphw7tHMlda6XkBRKF3nuLoluBuUnj1eS7vqCBqurug2isRX7dU3a5Q__jl0j6TYNXjxrwXibO6CK_pYT7WWg6WuoxlhgX9qzRG5gUGKxBmOY0o20GTSjuoXlV_VECUfk8yrLBg4nRaUk9tYKZTh8yA,,
甜點,ゴディバ りんくうプレミアム・アウトレット,ゴディバ りんくうプレミアム・アウトレット,〒598-8508 大阪府泉佐野市りんくう往来南３−２８ No.1505,34.4066654,135.2955111,0.89,3.9,484,$$$,月曜日: 10時00分～20時00分 | 火曜日: 10時00分～20時00分 | 水曜日: 10時00分～20時00分 | 木曜日: 10時00分～20時00分 | 金曜日: 10時00分～20時00分 | 土曜日: 10時00分～20時00分 | 日曜日: 10時00分～20時00分,,,,https://maps.google.com/?cid=14021830818699332429&g_mp=Cidnb29nbGUubWFwcy5wbGFjZXMudjEuUGxhY2VzLlNlYXJjaFRleHQQAhgEIAA,https://shop.godiva.co.jp/store/51397,places/ChIJJ9Tyyv63AGARTcsyudaMl8I/photos/Ab43m-ts1PPFCmRQ_IDz0ulEbspkhte4ja3ommfEpL_7rc4uyq5yb4L87uPg2t9iDRuMVLtK0fJrxuvYN0aS6gy2-6ziUC6-CXmKvWSwGfL3W9DIcYKZFH8UlR12hYxbbIWpgQrUDUgaA1vJmmkqurLWfc4DJOQ5-7Tjz8L1Ood-uA0425pz-jgcZCyOKIjM2OFyaZiVGHElI46row8SiVojmPWbxqBUxXPVcTxK0xtk6sOswC7A0B38nZejwYLfbLab8iTcVmHEksszdgCV_81kBhX_Yn0e9hjE9pqfDCxQORNC7w,,
甜點,cheesecake lab seed,cheesecake lab seed,〒598-0092 大阪府泉南郡田尻町吉見２４７−１,34.3872973,135.2902123,3.08,4.7,483,$$,月曜日: 10時00分～17時00分 | 火曜日: 10時00分～17時00分 | 水曜日: 10時00分～17時00分 | 木曜日: 10時00分～17時00分 | 金曜日: 10時00分～17時00分 | 土曜日: 10時00分～17時00分 | 日曜日: 10時00分～17時00分,,,,https://maps.google.com/?cid=6913009133526818536&g_mp=Cidnb29nbGUubWFwcy5wbGFjZXMudjEuUGxhY2VzLlNlYXJjaFRleHQQAhgEIAA,https://e-seed.info/?utm_source=map&utm_medium=googlemap&utm_campaign=map_hp,places/ChIJVVW5rdy3AGAR6J7lJC7x718/photos/Ab43m-tuyLELtfQSkeVTh2Ic71OA4yvBpfHq_ckYGvRdEtvTVBtRTqNhre_nIvMi06ZIh3RzNqgdeaK4FlWlcUDDHtLwhGU2fCvHWr4riQmlwRQtfV6_a6BBPtzGB-_bD06bQVfcJjqEk0fnLV-Jsc8KfoqvwvTyzVqpbGJ0UGLPuMB8W56tpRioyWBbRtSE7zFC1kjB0ymP_zRmBUqTbC9W3SJmvxCbMHfrjc6cYG3yT7nO6hopDFpvk4jIxgBNu2qFdZvlK-vhZL4bbQ37rnmeodXLphXkNJne_5D2BUVp1Lpl5PeBFkCODWHjskHKW7YN5plHYIjIl0R_BQ3oofwfDSdrlinCzv9gW5WK1LYhhdPgfBwEbUt0Whbgv4F3cgLoN-sQa8bFZLzJIZk35Vc3rhdinQj_jnHlNswXNE-83S2JOzJnSXBnVwAKRjPXG18T,,
甜點,カフェ空音,カフェ空音,〒598-0093 大阪府泉南郡田尻町りんくうポート北３−２５,34.398450499999996,135.28840119999998,1.91,4.2,396,$$,"月曜日: 11時00分～15時30分, 18時00分～22時00分 | 火曜日: 定休日 | 水曜日: 11時00分～15時30分, 18時00分～22時00分 | 木曜日: 11時00分～15時30分, 18時00分～22時00分 | 金曜日: 11時00分～15時30分, 18時00分～22時00分 | 土曜日: 11時00分～15時30分, 17時30分～22時00分 | 日曜日: 11時00分～15時30分, 17時30分～22時00分",,,,https://maps.google.com/?cid=12641068200390535584&g_mp=Cidnb29nbGUubWFwcy5wbGFjZXMudjEuUGxhY2VzLlNlYXJjaFRleHQQAhgEIAA,https://www.ku-on.jp/,places/ChIJCXnyw--3AGARoKnDkY0Ybq8/photos/Ab43m-ucJI7TrInkNwVP4AW2fkScxUknQ3Ey6rUQzt-e5OJdNSL0Sdr92urIG5J154kzf5WdyZ210vAh1X3wIvrsa6lksRT_MA597oPaRgcbHc4z4G_UfkvZry-dJq3_XsNBorjLTza3q6USiedNtnEzYl02plielpH6I8xxmGlFoVSmp9vgjL3hdoEHEF3AC2m_tpb9kd_9YFZjGegMIRJJ5DNKJ_IcaF2QqeG1x3IHy2OfIEM8r3ZR1WSOu-TpFHmp31v38tdYgw7xnlDOgGaE78XuJeVdw9xkCA4rxGgGoZFrG7fPUHjNJwUcSZ_Jnkz9NMstjrrvlwfz8-mUD_1SXhLowvhdAdSx7Hw2ADiwKSmv1lHd8JTg4v7wKsh_FdBLxI7q2jq-5szZDfkQM70KSsrnydr0WVF0V0U95_rVRm6MAuY,,
甜點,札幌魚河岸57番 いきいき寿司 りんくうプレミアム・アウトレット店,札幌魚河岸57番 いきいき寿司 りんくうプレミアム・アウトレット店,〒598-0047 大阪府泉佐野市りんくう往来南３−２８,34.4062524,135.29460179999998,0.94,4.6,384,,月曜日: 11時00分～20時00分 | 火曜日: 11時00分～20時00分 | 水曜日: 11時00分～20時00分 | 木曜日: 11時00分～20時00分 | 金曜日: 11時00分～20時00分 | 土曜日: 11時00分～20時00分 | 日曜日: 11時00分～20時00分,,,,https://maps.google.com/?cid=8644211220021370493&g_mp=Cidnb29nbGUubWFwcy5wbGFjZXMudjEuUGxhY2VzLlNlYXJjaFRleHQQAhgEIAA,https://kyowafuzu.com/index.html,places/ChIJgbCTDQC3AGARfd7RPE5o9nc/photos/Ab43m-sAO6uojUrql8_DSK9WprtxkdzxtvGWwnDjI4irUmKWMVHve3MM0pqBRWU7SbNT_Cnbxrlxp2gnLmyDlN2VGwU6vw1C_hm_GbeiYf9s_MCYMBt60-ehTMlH_JOIEQ5Q4iCQ8wCcFfyDx1a60yNGJ4WAUS57SUIFLjaUlv3Bu6FPWjUn9uyeDSdkhfZslCn3u6h0Lz1DLXaMzHZbD04u5OSblnMZNQygMKGDdKR6Jr6uihO1cs--3rkEVQG7vQNnWPAfdnRGy3O_zelEHvak_zLzjjfMqQedr4o5ricdbW0e6w,,
甜點,HUG BAKERY,HUG BAKERY,〒598-0046 大阪府泉佐野市羽倉崎１丁目４−１,34.4013315,135.2999362,1.55,4.2,358,$$,月曜日: 9時00分～18時00分 | 火曜日: 9時00分～18時00分 | 水曜日: 定休日 | 木曜日: 9時00分～18時00分 | 金曜日: 9時00分～18時00分 | 土曜日: 9時00分～18時00分 | 日曜日: 9時00分～18時00分,,,,https://maps.google.com/?cid=12411948927510971299&g_mp=Cidnb29nbGUubWFwcy5wbGFjZXMudjEuUGxhY2VzLlNlYXJjaFRleHQQAhgEIAA,https://www.instagram.com/hugbakery_/,places/ChIJFfdjNZHJAGARowOVyskZQKw/photos/Ab43m-s-gzTzHFkWMuKoam4M_qS6uYhEUh2tqfCtpu5YMEYYaZ9sp5sShdIEdEHOasAIihPHpyuygMdcyqb5C8XNfuKvOXA9l0sR0eooK3srxPFw1pyENHwYxu1G40dd1eunmDIRQaACtAkxL0Dh3i_uwuiPRuo1BkLcG1UFodZJZ9fO-Zzm2DdRu_1O73qFUQPBLGUwExH7d-CoPEzCx4w7xCWfE_1sLSjY490Kljx1Nazql43GFosQ03g4maphE7g8zXD_VSfIaNyY9MvlYddqiN1KX13gOLiqPlaypfhV,,
甜點,パンケーキカフェ cafeblow泉佐野店,パンケーキカフェ cafeblow泉佐野店,〒598-0021 大阪府泉佐野市日根野３９６３−３,34.3921114,135.33109779999998,4.14,4.1,351,$$,月曜日: 10時00分～17時00分 | 火曜日: 10時00分～17時00分 | 水曜日: 10時00分～17時00分 | 木曜日: 10時00分～17時00分 | 金曜日: 10時00分～17時00分 | 土曜日: 10時00分～17時00分 | 日曜日: 10時00分～17時00分,,,,https://maps.google.com/?cid=556778780816659540&g_mp=Cidnb29nbGUubWFwcy5wbGFjZXMudjEuUGxhY2VzLlNlYXJjaFRleHQQAhgEIAA,https://cafeblow.com/,places/ChIJeyK3Q6vJAGARVFQN6VkTugc/photos/Ab43m-ulfOmOGTF2D4MoTgruyKlpBImfg6hQqHLucelS_lVR8xFeRvayeX7nIQzVQWbQC8fgSB5-D9NH7IYHF7NvbR0p8rCC1C19SXC8294G98MClfAl-cVF-26da9lwXCCYdT9hh51Qjqo_BFpFxVSUS1kyucbrCD_Hxi8_4ZIrYBD540CuRvKIDjBv-umwRTAfwAIWQPWK85LWzne3e_BbZXKSNDccUo-g2eMYHLurgC5RvNj5PE51CBo6Ij9EAOGRrImwtro7-l9vpQ-socSE4htd0uSxxjVPOnP0klUu1Mc0ng,,
甜點,ハンス洋菓子店,ハンス洋菓子店,〒590-0403 大阪府泉南郡熊取町大久保中１丁目９−７,34.4052657,135.3439884,4.6,3.8,332,$$,月曜日: 9時30分～18時00分 | 火曜日: 9時30分～18時00分 | 水曜日: 9時30分～18時00分 | 木曜日: 9時30分～18時00分 | 金曜日: 9時30分～18時00分 | 土曜日: 9時30分～18時00分 | 日曜日: 9時30分～18時00分,,,,https://maps.google.com/?cid=12186482895664030997&g_mp=Cidnb29nbGUubWFwcy5wbGFjZXMudjEuUGxhY2VzLlNlYXJjaFRleHQQAhgEIAA,http://www.hans-yougashi.com/,places/ChIJhVUqVvrIAGARFaVteaAVH6k/photos/Ab43m-vBErkEBQWxCR75NNZfHqDHV6irzo0ICRPY6SRgTsQZjSnbQBxyPzZJ9FervpLwKHa8LArOHPBa1NBib1zuTyB9m7rkiNwiXJ1DR3cL8VKiVSyRHrzeJ-kv6zmVjhlVEaBPoIf1Pu7v7rLH-X2tlnRxisqjhJ0lGEUyPXuVhoZpe5i53D7TitJIKs__5jCWn-Onc_oR_VFiW3KKVIA_Chyi3fvTWC8bZ2vBP-z3-b5NBu_SAi4IwjI8I_wwJaxqdPeMe70akjGv-pLrBPkYnncoSMYNNaI4Z3rcaDBIHwfeN7lmFfBWoigKH_iIDgs6gPn4ZNS676tHZOxRjOGubOB2ftsOr5twxwq6gv8HjWT_YeiRQCwgPrylQUkWl1t2wPo3O6j6BPADyA-Ax3pOWOOc0Of7fQfzhohJ5GloI1TNd3q9,,
甜點,つろぎ,つろぎ,〒590-0405 大阪府泉南郡熊取町OkuboMinami−4−１３５１−１,34.389910199999996,135.3433355,5.21,4,327,$$,月曜日: 11時00分～17時30分 | 火曜日: 定休日 | 水曜日: 11時00分～17時30分 | 木曜日: 11時00分～17時30分 | 金曜日: 11時00分～17時30分 | 土曜日: 11時00分～17時30分 | 日曜日: 11時00分～17時30分,,,,https://maps.google.com/?cid=14845604893507991975&g_mp=Cidnb29nbGUubWFwcy5wbGFjZXMudjEuUGxhY2VzLlNlYXJjaFRleHQQAhgEIAA,https://tsurogi.com/,places/ChIJB8WdU8LJAGARpzlYyf4uBs4/photos/Ab43m-tbDcfWM_s_Bc0YcdNLflFu21mNFSanNJ4C1ENM3KcYfF8sByn_RaIVb_-MT76wdDMSa2zERwhQwsdK3rGgOsehuXTcpS-6NseFL3ZV2u3i7H6fOdRA-IQxzEejatrBIS9XN-fpNp1E0s369yovEp8SBav0DQOACPJJX2Iholtj527WebP3jyp2ppGv1y3mozt8CwK9rOJhx3WR10X5vzGhRxRPjxVxgvrgUXV6ylw5ByBeLfMaHZ4auKGLKece7N0wnuUoa0htjjKdwvoPbbkDrwS_ab6V6MfiIUDTxZIFTg,,
甜點,リンツ ショコラ ブティック＆カフェ りんくうプレミアム・アウトレット店,リンツ ショコラ ブティック＆カフェ りんくうプレミアム・アウトレット店,〒598-8508 大阪府泉佐野市りんくう往来南３−２８ りんくうプレミアム・アウトレット Main Sideエリア 2階,34.406406,135.294683,0.92,4,323,$$$,月曜日: 10時00分～20時00分 | 火曜日: 10時00分～20時00分 | 水曜日: 10時00分～20時00分 | 木曜日: 10時00分～20時00分 | 金曜日: 10時00分～20時00分 | 土曜日: 10時00分～20時00分 | 日曜日: 10時00分～20時00分,,,,https://maps.google.com/?cid=9698279693699503707&g_mp=Cidnb29nbGUubWFwcy5wbGFjZXMudjEuUGxhY2VzLlNlYXJjaFRleHQQAhgEIAA,https://www.lindt.jp/contents/shop/51/,places/ChIJ1dXyyv63AGARW9ZXa_81l4Y/photos/Ab43m-ttqs3u4bWhW9k-YPUcQTT9jKQisdgZrObQfPSWHuqDO59uhGrCGGE89g5W2lE4jnJVsUsoK9y9hKeRjwo223akywf0kfMRVwNrWW-Bj0l0OlRgT-I6T2vCVney4YBwAxwax-dZaIe4TyAqtgcQHj7n0ppCWPu31uQnMvgePnfmkUIQxQBJt9CIpefpGcwZjV2iJ57LG8lytTmrwu8rGUymdMsvtCqV6CjxmSJVaonYYhPeYkbEhv-9O3nasTg5rAlvDpfHaTpW5MZqAHxZhhCxtOnSRGMKJgf3woAqDxxVIhv3qJ4hs1g_lu1CrH0U0X6G1prGEzaH2IkOI8xRTQKuqUP4a3euSGOMKJuUsZOWeYQsdvYfCgeNPOFe2Y1I0D1T7lY6L69Amy4Abhe8dSv6Am4DNjCX4Q0Zb5xDqSrxyN-9,,
職人專門,関西国際空港,関西国際空港,〒549-0001 大阪府泉佐野市泉州空港北1番地,34.431999399999995,135.23660189999998,5.71,4,21667,,,,,,https://maps.google.com/?cid=17397871139225636744&g_mp=Cidnb29nbGUubWFwcy5wbGFjZXMudjEuUGxhY2VzLlNlYXJjaFRleHQQAhgEIAA,https://www.kansai-airport.or.jp/,places/ChIJ9_rNIxO5AGARiI-QjZ-ncfE/photos/Ab43m-siLmISa4mDhus-WONWZIMJs5Rn1BcdnWJJ8cFgbJRkhqsPN5bQMj5M7X6uIcdL95S1UlrLGVPIW879VJGtp7u4X8BHPcJnQuRjIPQqeevZrk1ZjSbqxQsE8aDliDBGd0HZtmkTPmBmPng-ONjtsvpmYn_sKgpy6aRRdu5P-k4gyzG-qe-TjHcdCiBXbewK0yf8S1orMH2jkFL4cUAxcwu3YPLpLvJexbSk3To1QdiiZ5gtC7SDXVDVh5IfWai4GHH2vjxBxzTMzKnj3Q7YSdMX9KrUIC3AtTEnKCae0sEj6-b9yVkqT-Hp3X3Njdb7Jwh-OJWOKIRoOBbHoZihLYFfIYV8H0hwCZR6qQWf8K9UZWOSwTk9SVRlNFE1xg10t45er5JY5Vs6R1OjZh7Uiw20Huf_gZZbOouqHPnGrJ00cv1muqlbdrzqPL6IPEgl,,
職人專門,イオンモールりんくう泉南,イオンモールりんくう泉南,〒590-0535 大阪府泉南市りんくう南浜３−１２,34.3808022,135.26794060000003,4.52,3.9,6735,,月曜日: 10時00分～21時00分 | 火曜日: 10時00分～21時00分 | 水曜日: 10時00分～21時00分 | 木曜日: 10時00分～21時00分 | 金曜日: 10時00分～21時00分 | 土曜日: 10時00分～21時00分 | 日曜日: 10時00分～21時00分,,,,https://maps.google.com/?cid=74464930076484605&g_mp=Cidnb29nbGUubWFwcy5wbGFjZXMudjEuUGxhY2VzLlNlYXJjaFRleHQQAhgEIAA,https://rinkusennan.aeonmall.jp/?utm_source=google_maps&utm_medium=organic&utm_campaign=website,places/ChIJNZXinpi3AGAR_eNumXWNCAE/photos/Ab43m-s96V9CwAjTWJhsb7dBP6WnKL5cGbbT_iaydvJF6kgzgirx0jMyBpGWQAlbi1XOD6bmZ72J5M5SYJgzmEv2oxhP5lheCW85kiL683QH_C0gfUYqRCu1qcJhb57WFkNWPnewh6uYCY12fnJdR-CS9zdTLVCeGjEfqzSBoiwXdywyxG-s7QWxqfovA71m1I25NkG_2OWV01TAofShUBDp0E0iyVXXUaPy7oOcEqwD_IxwIgIGmg9-rKeql97p6DL5WTmAV3aaO2zLzpUYXMxOaYoXDg59Jxya6ytMA9AnW201Leknbt2aw8EhEacXwPnA1wkU2aiv_UjJxq2gINwpITmvaIeukuWk-AO5Rwt_sZ0kSgYkXddOVCQCcGXaVoKunpDmKaFqjYUD3CFaxh0nBgvQiSmLQVSM4xLwQw-zOIdS2DlF,,
職人專門,メガセンタートライアルりんくうタウン店,メガセンタートライアルりんくうタウン店,〒598-0048 大阪府泉佐野市りんくう往来北１番地の１０,34.4135628,135.3006019,0.51,4.2,4073,,月曜日: 24 時間営業 | 火曜日: 24 時間営業 | 水曜日: 24 時間営業 | 木曜日: 24 時間営業 | 金曜日: 24 時間営業 | 土曜日: 24 時間営業 | 日曜日: 24 時間営業,,,,https://maps.google.com/?cid=13303253818827808352&g_mp=Cidnb29nbGUubWFwcy5wbGFjZXMudjEuUGxhY2VzLlNlYXJjaFRleHQQAhgEIAA,https://www.trial-net.co.jp/shops/319/?y_source=1_MTQ4NDU5NzEtNzE1LWxvY2F0aW9uLndlYnNpdGU%3D,places/ChIJxxSR0gHIAGARYB4XVN2mnrg/photos/Ab43m-sshBEwM7a4_PIiDlK6KYUzn_nZJqkjYf_vNiJhmR8cOeJfjVIBwA0kpH9QOjwnNphN5H4tuu3wop_sB4rYJWvTYWXXkhBPUn6_kT3HVisUtySCZtMCxMWHIPaqUKWBf3J4kQ2IwLpRZDUb_vGONPYnIZu9WzJy-iOMeGesvjx3YjWeYAC5RP-uMHvLDWaAKjeq9J-DNy1Yk42Nsp8wugv_Fz7S26I8pZqoWoEp1hf_QLX9m_NX8fZa7RkP-sXsYYww6aGrIIPzi24FSxOWviLJk9v7fGbwUtH0zm7MN_x1tw,,
職人專門,岩塩 りんくうの湯,岩塩 りんくうの湯,〒598-0047 大阪府泉佐野市りんくう往来南３,34.4088794,135.29561529999998,0.65,4,1729,,月曜日: 9時00分～0時00分 | 火曜日: 9時00分～0時00分 | 水曜日: 9時00分～0時00分 | 木曜日: 9時00分～0時00分 | 金曜日: 9時00分～0時00分 | 土曜日: 9時00分～0時00分 | 日曜日: 7時00分～0時00分,,,,https://maps.google.com/?cid=13761051300129434960&g_mp=Cidnb29nbGUubWFwcy5wbGFjZXMudjEuUGxhY2VzLlNlYXJjaFRleHQQAhgEIAA,https://rinkunoyu.jp/?utm_source=gbp&utm_medium=gbp&utm_campaign=from230517,places/ChIJxQ4caP63AGARUG0kkD8T-b4/photos/Ab43m-tscaR1pz7cOxToWaVGvEFSw8-iu7NqILemU0BQS6HUuArKfZbrtw5cuxtIR1isiCp14zlfhCm0RPuFRNhfX-MRDm9m6U-Yz4n3LKSOEB1PJaboTo0sQQ5VtfNfTaGza8uSsRmM0ckawRrzshAXZcnVrlsmQLuvUZzmFPH78Dg_F8QvRpyFUytRwO99UqB5oBSCa_d4pGptznM5CXa_QOYfyaKK4YKIs2UounlQz-BEHcYYzVx8tqC6SQZ7aV5e_pwixexwa94jFvZz-hHq5uk5E_Vk94IjVP0Y3lb721InCG30Af-Votq4Zd6C1KDSNOimZ3RqVwh1tExH8N2iRm-BrOd0cKSrz7IGUQbGozL0y5iidvoqJ7h4zU7FhkUpc2cQQcK-FcV6PMPTrvZPXVvUTHmkIdrpcybAN4eWP77btob5,,
職人專門,大起水産 回転寿司 りんくうシークル店,大起水産 回転寿司 りんくうシークル店,〒598-0047 大阪府泉佐野市りんくう往来南３ りんくうプレジャータウン・シークル １F,34.4094257,135.2975036,0.62,3.9,1647,$$,月曜日: 11時00分～22時00分 | 火曜日: 11時00分～22時00分 | 水曜日: 11時00分～22時00分 | 木曜日: 11時00分～22時00分 | 金曜日: 11時00分～22時00分 | 土曜日: 11時00分～22時00分 | 日曜日: 11時00分～22時00分,,,,https://maps.google.com/?cid=9099227980528012997&g_mp=Cidnb29nbGUubWFwcy5wbGFjZXMudjEuUGxhY2VzLlNlYXJjaFRleHQQAhgEIAA,https://sushi.daiki-suisan.co.jp/shop/7?utm_source=google&utm_medium=organic&utm_campaign=gbp,places/ChIJxQ4caP63AGARxc6qdaPzRn4/photos/Ab43m-t_ih3arYxocC8JB1C1BK9wyv0oK-LRIRM83GL7L7_mGHrfdM5TkzYCdR_D6rGbrH3CRwG0O7pzISJJxmxf8VoUhOQLqmkNexdLTqaf4zBZzvJM3AtnoVOfvA3tJMqfWNjEmF3lJ-qDF-NBEHE2LMLl21JMYPhru_HtmtM16tJ48soIX34iVnBBJJNkagu-MYZC5Bredi2z3rPUfARq2Knnd-f42jHaHrpHM4ky0Fkj7yrUst4xu3oXefkn-3qMF-iaLdq0qynHXplSFFp0lzOpXwMRl-fgj_MtDuz6b9cXut_H6pwNZxAyH7mO4wUobMKqU6CdWyt1CpC9dnlXKWxauGwWRn8D1VI-7laDds10DU2n_9kty_6i6YlLd0kiXF0RyKMmKwEaSVL0agA8zK4F8REGfNjYLLZyXiPQaWb-b6ZHXmR5sFZ6_SSaOGei,,
職人專門,OnigiriBurger 関西国際空港本店,OnigiriBurger 関西国際空港本店,〒549-0001 大阪府泉佐野市泉州空港北１ ターミナルビル本館 2階 関西国際空港 国際線出発エリア,34.4348611,135.2457768,5.06,4.6,1468,,月曜日: 6時30分～0時30分 | 火曜日: 6時30分～0時30分 | 水曜日: 6時30分～0時30分 | 木曜日: 6時30分～0時30分 | 金曜日: 6時30分～0時30分 | 土曜日: 6時30分～0時30分 | 日曜日: 6時30分～0時30分,,,,https://maps.google.com/?cid=14191549446005156383&g_mp=Cidnb29nbGUubWFwcy5wbGFjZXMudjEuUGxhY2VzLlNlYXJjaFRleHQQAhgEIAA,https://www.onigiriburger.com/,places/ChIJtUu_EAC5AGARH2qH9QeD8sQ/photos/Ab43m-sgzdv_ls8I8m28b1E06uR17PVPZFbssdxIEaesy--8US-0dtE7PhvhNzuI7uEId-B9A186_grAO3-dotNGKlKKAEYgUkA7uMMOKNtOtm2pio1zQl4FeUPDbDxH6_zBuwOYdXZOba549VlTxAKUVS9RFL4lvjyycSaVyE2rfwPaXuhOpgI9GcFtE5GdaOBVbrVWfJ5kB1fy4Awjvev3JVlF-3em1q4ufzVmOzKty86_-GFh6Fv_tKWuVq9ETCfATlUnwh75pLnW24T_XMiuOy14cMmmk6wDMMtb3wCQeISzTw,,
職人專門,マクドナルド ２６号泉佐野店,マクドナルド ２６号泉佐野店,〒598-0006 大阪府泉佐野市市場西２丁目６−２８,34.405165,135.31948269999998,2.47,3.6,1024,$,月曜日: 24 時間営業 | 火曜日: 24 時間営業 | 水曜日: 24 時間営業 | 木曜日: 24 時間営業 | 金曜日: 24 時間営業 | 土曜日: 24 時間営業 | 日曜日: 24 時間営業,,,,https://maps.google.com/?cid=6775804068777457168&g_mp=Cidnb29nbGUubWFwcy5wbGFjZXMudjEuUGxhY2VzLlNlYXJjaFRleHQQAhgEIAA,https://map.mcdonalds.co.jp/map/27808,places/ChIJV9zWGj7IAGAREHYgm-Z9CF4/photos/Ab43m-uZPjz0BH6HYItVWMq8d49rfkT6bZ28Yvgr9and4w1EwbS7aCAyMcOCnD1nHDAsTvJeRaEqlY35XLAASY0TakwBWbqjXb8NfiYqUr3xn7A7PSoUsJoMY3thnO9C78QI2gQ06KI-BeD6W6MA3f6Ad9k7z6OkE_hceDXFUb9iLRovcFSl_DiruHP9xvBA3_OvaSRcw7NSgi8QaaTM303hguV10hDw8EdyzZCSdKpn2NGqSgC8aZkoOWTM0xORbsjd6FyN7P1sLhSOgwJLwzH3s7RsdMThUuHRGSgDPgYbLG6Dutsc64oNQO4RnmfdkIj1mHtc8_DV2Ulr6y3SqXsoFrJ08EdVNd3WwjtVusz002oAFxydAEMSFOJ49IOGWn6rQabjEb4wItSPSdZR6Y4SlvMiE6uQPWOhv4Hki_3Y4mCAh0hgryt25PiIu2xLU2R4,,
職人專門,PANDA EXPRESS りんくうプレミアム・アウトレット店,PANDA EXPRESS りんくうプレミアム・アウトレット店,〒598-8508 大阪府泉佐野市りんくう往来南４−１７ りんくうプレミアム・アウトレット フードホール内,34.4073287,135.2935248,0.83,3.9,949,$$,月曜日: 10時00分～19時45分 | 火曜日: 10時00分～19時45分 | 水曜日: 10時00分～19時45分 | 木曜日: 10時00分～19時45分 | 金曜日: 10時00分～19時45分 | 土曜日: 10時00分～19時45分 | 日曜日: 10時00分～19時45分,,,,https://maps.google.com/?cid=14865776027163399263&g_mp=Cidnb29nbGUubWFwcy5wbGFjZXMudjEuUGxhY2VzLlNlYXJjaFRleHQQAhgEIAA,https://www.pandaexpress.jp/ja,places/ChIJ-ZBZV3C3AGARX5SX0YjYTc4/photos/Ab43m-uuuRO1Zt5PNkQsdLgtY-7g4rv75L0g-EnVFUiVpDWKvjlb04Gsm0Oa8etAVmoENMJMGTsMzACgPX-fuX_FCC0fkxM_7wrRRhTP_WPl6rf-_soBLPc3U24gF7vCMkf2EzK-vdpyUtu0Y_HejKsRgVbnXRMGDHRJUN0DnbcZE7wn-HOBWCzF-D__9mVo3PhNfbS8NxeH_FvM4K08jT0FcscId2ubmATsuC71LpKzLsXU-2yUGTLMwPJttCKIP4ATOsJD_QJhCehIz0D7g28_9ZF0griWy-nDsV8COYfRap-xqJjoUtX9-Qyki3EXN3Bt5Z52MGpartGUUliAXkvuyttcka2oiN_3WyKUeCDTGo-2MgHyancEHcWy6LdO_mFgbVAjGZBZzJ8MG1DLjfDBCvZ7HOJonF7mfQQseAYSogM5nw,,
職人專門,タイムズりんくうプレミアム・アウトレット（Ｐ２）,タイムズりんくうプレミアム・アウトレット（Ｐ２）,〒598-0047 大阪府泉佐野市りんくう往来南３,34.406622,135.29698100000002,0.91,3.8,920,,月曜日: 24 時間営業 | 火曜日: 24 時間営業 | 水曜日: 24 時間営業 | 木曜日: 24 時間営業 | 金曜日: 24 時間営業 | 土曜日: 24 時間営業 | 日曜日: 24 時間営業,,,,https://maps.google.com/?cid=11020855652546695283&g_mp=Cidnb29nbGUubWFwcy5wbGFjZXMudjEuUGxhY2VzLlNlYXJjaFRleHQQAhgEIAA,https://times-info.net/P27-osaka/C213/park-detail-BUK0045145/?utm_source=detail&utm_medium=map&utm_campaign=mybusiness,places/ChIJqYp_tP23AGARc9DmMtPx8Zg/photos/Ab43m-vX-ocRc-4xs8lodsj6HGlzDG7egZqmTaZNDJohQFVBy6nKnZhI75mN9dQuJNmwMaE9ICh_6m5dNLHW_d5Flrz9f3srOeWFTKeybs5Wu-8H_aRnVBwklc2hObahrUn63ebhyQK_aZrGwLbVNG7pNG_ZRXN77jEkdfzf6jiDQdG94P1g3xUMXln2sP7WlSJkOJ89cEp5dMTxd0w-t-N1mtJweU2kU7am-hK-Q5V0UTNhVKynZMyeP77Un7N5zdK4GSMf7MhU5AZQwrRO0xivobivfNu91u64_6GeeRCkeXYAsO4ib5Cq4iJe-lOY4XAurYkVmeW_RuobGRf9CwUYgjlf2jFQe_qg_dYtvjhOU3k9q9NXnbAEtntUycAqsuPFxdT_qpOlOJl98uD-SrPOxwEa8yoXgt7DUFpNipxCvFc13A,,
職人專門,三田屋本店 やすらぎの郷 りんくうプレミアム・アウトレット店,三田屋本店 やすらぎの郷 りんくうプレミアム・アウトレット店,〒598-0047 大阪府泉佐野市りんくう往来南4−１７ シーサイドエリア 1F 区画 6505,34.4064188,135.2933431,0.94,4.5,873,$$$,月曜日: 11時00分～21時00分 | 火曜日: 11時00分～21時00分 | 水曜日: 11時00分～21時00分 | 木曜日: 11時00分～21時00分 | 金曜日: 11時00分～21時00分 | 土曜日: 11時00分～21時00分 | 日曜日: 11時00分～21時00分,,,,https://maps.google.com/?cid=17265482634838860626&g_mp=Cidnb29nbGUubWFwcy5wbGFjZXMudjEuUGxhY2VzLlNlYXJjaFRleHQQAhgEIAA,https://tabelog.com/osaka/A2705/A270503/27119244/,places/ChIJr55zpnW3AGARUuM-3fpQm-8/photos/Ab43m-s6UMjslRwdg02CZsBsO-WjWpT5UiwN9neOg1pK4ngCfSb2LFT-nzXFtbMTreDiwPs50KWUrJ3HIwoWTyZa9nef_Nlw5DV6dUl7wZSDNZJO4tWbytAbKd9wpRh9tYgjEac4wecvrN_DtimTd3XFMyq--fDKCyq--7NeavxKH7EHAXlyd66GefEzUzYPyR6lY0Xp3a8ECBudPyzJqM2pTEuUq017Pnw5nauxKitiA-61Fvyb5f1fAdHfhZCeErC6V7Ko2mrahuo3_PXLrm2LbjjkV_U9yWlpG1zgEnZU2KGBUA,,
職人專門,ヤマダデンキ テックランド大阪りんくう店,ヤマダデンキ テックランド大阪りんくう店,〒598-0047 大阪府泉佐野市りんくう往来南２−１０,34.408393,135.29859199999999,0.77,4.2,755,,月曜日: 10時00分～21時00分 | 火曜日: 10時00分～21時00分 | 水曜日: 10時00分～21時00分 | 木曜日: 10時00分～21時00分 | 金曜日: 10時00分～21時00分 | 土曜日: 10時00分～21時00分 | 日曜日: 10時00分～21時00分,,,,https://maps.google.com/?cid=9929500586225072897&g_mp=Cidnb29nbGUubWFwcy5wbGFjZXMudjEuUGxhY2VzLlNlYXJjaFRleHQQAhgEIAA,http://www.yamada-denki.jp/store/contents/?d=313,places/ChIJh1lg4v23AGARAXv6piyszIk/photos/Ab43m-ttht8H3TH8_Uv5-Yd6UY96SbK4jQW3B28skiO2hwTMSS4-sbSb-UnAstUKmIhKXSL7pRnGqyNb0AjmNL1qyibpaK1Vkn3hiVN2zNq9UKWGYeDFsInhD_MEGrqF3B2i4NykxO8QsDCq_8H5XI4cT91oXf1LBjhYaEKRlaMvp3YMVqdgTcEn0f9ARsF2lx4rS4jHiOMe_u7HQH3G0r06PVxS3i-shbHwvzieQvCFbtgjDSiAgZc7vny9OP4BvsNy1gqWhlxU16CKZqU3nGp3-qT6UKH8yxL-qlhPTiExg8LrOA,,
職人專門,ジョーシン日根野イオンモール店,ジョーシン日根野イオンモール店,〒598-0021 大阪府泉佐野市日根野2496−１ イオンモール日根野 別棟,34.3924678,135.3342063,4.35,3.7,609,,月曜日: 10時00分～21時00分 | 火曜日: 10時00分～21時00分 | 水曜日: 10時00分～21時00分 | 木曜日: 10時00分～21時00分 | 金曜日: 10時00分～21時00分 | 土曜日: 10時00分～21時00分 | 日曜日: 10時00分～21時00分,,,,https://maps.google.com/?cid=7708669607141783030&g_mp=Cidnb29nbGUubWFwcy5wbGFjZXMudjEuUGxhY2VzLlNlYXJjaFRleHQQAhgEIAA,https://store.joshin.co.jp/detail/1767/,places/ChIJI8sOGavJAGAR9jWJWCqy-mo/photos/Ab43m-tulWggg6uV7GnZyyfB_fmP2J9Xk8VFglzam8mobzJ1fYBZt6tnmBPso1W7nHEjveBP70DLjRyNKoccXr_InH5K80vlb5L1em3OmshAD_J1VyMHmxniJA2PcESPSEdubewz1zHDutL9lwIOXHo2HPzekQYQdSOS-Ah7V4444IHtz4XyXvDmmg3TaKSjS6Iu4i094IiIxEhsPXeEPg7Ndm43eWJiK_DRDTPV8Moi4z82nGuouu_0DDumWk2ePSfv1t-z6LaLyey6H59mJBoKDcTfKeeLV6RbogPakJ1wUmV5oUoWLUPKkwQw7EERC8ky6PfXtaOs4as7Tw9deD5Ww39PNyNmT8Amdz1Dtm0Yd8gc2yGMfOKxeiVA0fU4ay5dkjCnavh2JhFL2qHbr04k8I-Muix2kKowe3dtBCdfCpUTmGK8,,
職人專門,まめ寅 りんくうプレミアム・アウトレット,まめ寅 りんくうプレミアム・アウトレット,〒598-0047 大阪府泉佐野市りんくう往来南３−２８ りんくうプレミアムアウトレット 2F,34.406345,135.2946565,0.93,4,527,$$,月曜日: 11時00分～21時00分 | 火曜日: 11時00分～21時00分 | 水曜日: 11時00分～21時00分 | 木曜日: 11時00分～21時00分 | 金曜日: 11時00分～21時00分 | 土曜日: 11時00分～21時00分 | 日曜日: 11時00分～21時00分,,,,https://maps.google.com/?cid=5326421176875111364&g_mp=Cidnb29nbGUubWFwcy5wbGFjZXMudjEuUGxhY2VzLlNlYXJjaFRleHQQAhgEIAA,https://kiwa-group.co.jp/mametora_rinku/,places/ChIJaxWkbPy3AGARxFPC-9Y_60k/photos/Ab43m-sNQXkZuXJ3xJK-M6ln9PFQWj05KlcC9uK2FR2Bf9R6oUJNdmKr1Tnw8YVG_FDZFk1zDSyhLB1XCu54tmfK7aNM1oGGdn78pK6op2SQxLhoX6geg8wOn4IHxjSJ6lBvVfLS8Diics1zqA0kfTANn4vTNExSJky_U0J4NVI-J0vva6350eL_8hLMpx36VVj3ncNfuK4sZCLwXP34nYh86wGwOSWaCf8zVfiFFq2LF-VuySewf_hFEaHbR6PIzwh9gBug7nUY7ZL4Q0R0Gy1j3Z8CjaB8hj-Aj8sh4MSaNmrfcg,,
職人專門,マツゲン パレード泉佐野店,マツゲン パレード泉佐野店,〒598-0007 大阪府泉佐野市上町３丁目３−１８ マツゲンパレード泉佐野店 1F,34.4088195,135.3186253,2.25,3.7,503,,月曜日: 9時00分～21時00分 | 火曜日: 9時00分～21時00分 | 水曜日: 9時00分～21時00分 | 木曜日: 9時00分～21時00分 | 金曜日: 9時00分～21時00分 | 土曜日: 9時00分～21時00分 | 日曜日: 9時00分～21時00分,,,,https://maps.google.com/?cid=2594690649804202233&g_mp=Cidnb29nbGUubWFwcy5wbGFjZXMudjEuUGxhY2VzLlNlYXJjaFRleHQQAhgEIAA,https://matugen.co.jp/store/store40/,places/ChIJeWZbVmvIAGAR-WCbE2YxAiQ/photos/Ab43m-s__gRCA0GdAHQtelZRVcAuYvEo2xNy9aUlPst_ls8iHjqSDXPtzrdMkMaJtB3_cA0L1sIAoikyQ7TgcFZ6jL2SUfgN2EI6ygXlIDehiPzdurzvoaG_4npYIwP0Vqm9wkt57JMUnMi9Vh7cavE9uZu2S8I9rUHuzlKiYyl_Ed8NL3xA0GJiKWicHsBC-G1eRphghASoH1H8dO2slt9KvaP_KGy2uBPcvaaZnaiFdglE9QYcYDNs-7hFye2ngcWs41MmLKeLL8ldgjxCgwafWX4LLtecXCPi-Pp6zx4RDiVXcemmnvIgNlA7yH0LDby6UHu21cjqTrOpltgxdGwz91hOhVy5Ej6Ws5yZ6v46fHtn0hH7ADM1Rir9F2zE_iJ48cI0IHnM1Roz8pJAcbyhJC33yzLkWjPS569TJC9KHiMyessq,,
職人專門,万代 熊取店,万代 熊取店,〒590-0412 大阪府泉南郡熊取町紺屋１丁目２６−１６,34.4042686,135.3472258,4.91,3.8,496,,月曜日: 9時00分～22時00分 | 火曜日: 9時00分～22時00分 | 水曜日: 9時00分～22時00分 | 木曜日: 9時00分～22時00分 | 金曜日: 9時00分～22時00分 | 土曜日: 9時00分～22時00分 | 日曜日: 9時00分～22時00分,,,,https://maps.google.com/?cid=15022066506977908550&g_mp=Cidnb29nbGUubWFwcy5wbGFjZXMudjEuUGxhY2VzLlNlYXJjaFRleHQQAhgEIAA,http://www.mandai-net.co.jp/,places/ChIJAQDApeTIAGARRhe21OUZedA/photos/Ab43m-unNv7sZdxeAhwa3_bPZWG4XlPtxlS-tkZelast89bb7fqSl2BIl0-phDrfm6rgUF2Ys5wLBBzHXLyo58z0iVCMzsrSvcLpEPcG8eYFSHzCdVfwiYpJA6aOiQCmm9y9L4KnwBAU_W4upjL97GuGmA_E9oGy3ngB75o6hHMSsL7f7eKA-LDeHOCH4VOjD4dGfKhtTXFeM_oq0JPklNhb4u8_mlptXx3Es7hG8Wv6criP9A_BuIS0pgstW4mm7fkPouHyuEa3hVqrCZ3M04E70NeQ9lraWHBtlFiVPF0uxG68awO3-4iaVPeuWwqJOHRFHXTwT8R-_mCsY5ZQ19U-5WJkyVI-0VO0jh34qQvGAYjH0FcmPysSxBvRL1OBS_gekC3G6q7wvg9GiVnLhAuFDU9hUeYjLMHcF49OrCkRn1w,,
選物生活,ニトリ りんくう店,ニトリ りんくう店,〒598-0047 大阪府泉佐野市りんくう往来南３−２７,34.4079068,135.2982724,0.81,3.8,578,,月曜日: 10時00分～20時00分 | 火曜日: 10時00分～20時00分 | 水曜日: 10時00分～20時00分 | 木曜日: 10時00分～20時00分 | 金曜日: 10時00分～20時00分 | 土曜日: 10時00分～20時00分 | 日曜日: 10時00分～20時00分,,,,https://maps.google.com/?cid=16755976793973059115&g_mp=Cidnb29nbGUubWFwcy5wbGFjZXMudjEuUGxhY2VzLlNlYXJjaFRleHQQAhgEIAA,https://shop.nitori-net.jp/nitori/spot/detail?code=0000000179,places/ChIJe3aA3P23AGARK-5z_R0wieg/photos/Ab43m-vas6H5gBr4ftHxyBvzNG9SHzdEuJ8-E8yvg0Z0ib2Ko9zZIpVOKNot5x_GR3DXWqsWeVz17h_pEL1xp3qjCxobFRscpZXDQZArRc2FDqoA5H-dvnFtPLc3ENjffq0oPhmeeboEkkvJpU9LRWwfIjV6U-gFjXCjP1juHiCAqOZthaV46AxWJmyjKisITO7NkM9w6zwXnmHMpjYFi5AQY25ujle5706I6X8Aryswot54JU2-mq_lHdJbjlGmZqTzMkt6ge9b5dOFmdOV3-x6T_7081ppbWTKZUrH1D0h9Ij9Ww,,
選物生活,ビームス アウトレット りんくう,ビームス アウトレット りんくう,〒598-8508 大阪府泉佐野市りんくう往来南３−２８ りんくうプレミアム・アウトレット 1F,34.4072653,135.295854,0.83,3.6,461,,月曜日: 10時00分～20時00分 | 火曜日: 10時00分～20時00分 | 水曜日: 10時00分～20時00分 | 木曜日: 10時00分～20時00分 | 金曜日: 10時00分～20時00分 | 土曜日: 10時00分～20時00分 | 日曜日: 10時00分～20時00分,,,,https://maps.google.com/?cid=17237410062935073469&g_mp=Cidnb29nbGUubWFwcy5wbGFjZXMudjEuUGxhY2VzLlNlYXJjaFRleHQQAhgEIAA,https://www.beams.co.jp/shop/bro/,places/ChIJY_28UH23AGARvSL94B-VN-8/photos/Ab43m-sLZMNzwwPO9UKcObdjVJggjRYQU-WfLqzx1VOvBFOHCR5IJRCZ_tBRs4aCqX111z6GOTqVRw0xP1GVltqzATfPy0gOI6MNgWPx6NgdV2V9ROafTJ-a8mH6rD5SSQK3hHexFcXZLiS5FC-yxlvke0wM2EHfn_Ow8RiyJCRexpeqhmruhx-eZaMn8CqUmNCSskuqq-13TPN5_KfEFmpvZcNrgom2KuwSpJitY92guaDL_Cynce4MQQYcQ2R2bUfRHa1G0gOvtTsIdmWOoB0GQAhrJLQvhW4IDpK38LKfTtomWbahKgTm35N9piMolGlY-9VISA0Pdg2f1sGz_rL4qnqzcj83JksNa0hgXDKLdVwR42Cqmy_J8dqKrlfOoyRhRpdFeWLW8A90wSBRWYBdb1nvXqmDjSnz_fkLBIpWz1u7y42-,,
選物生活,Francfranc BAZAR りんくうプレミアム・アウトレット店,Francfranc BAZAR りんくうプレミアム・アウトレット店,〒598-0047 大阪府泉佐野市りんくう往来南３−２８ りんくうプレミアムアウトレット 2F,34.406681,135.294965,0.89,3.8,366,,月曜日: 10時00分～20時00分 | 火曜日: 10時00分～20時00分 | 水曜日: 10時00分～20時00分 | 木曜日: 10時00分～20時00分 | 金曜日: 10時00分～20時00分 | 土曜日: 10時00分～20時00分 | 日曜日: 10時00分～20時00分,,,,https://maps.google.com/?cid=950285066600099867&g_mp=Cidnb29nbGUubWFwcy5wbGFjZXMudjEuUGxhY2VzLlNlYXJjaFRleHQQAhgEIAA,https://francfranc.com/apps/stores/ja/location/118,places/ChIJa0UJAfy3AGARG7AOtjsXMA0/photos/Ab43m-tZaBcq9tOxn-alAtUzDNFyf494tUYud2jfD7ZGur4qKzqsw4xJ_-u8T3h_dlc5Kl7x4e1tUrJCAU8Wdkw7DJQ_NWdzAfKD237dlGnkuCQC46bJoGhQy-uRs2gL9PfQUWw9ND05XDoW5duYGr6k7HUcaTStMBfLuQO_MoXGm43HheYjQ_s0xowpPkvo27E_3PmDNEJd1tG7vuZmUCyGXisR2BP6okx-_uVGkynA5SBTvFU_x9dLTU0d8nY8rFRrXj8jOHRxAstSxuODJAvzSos6nzwepAYbEzLG5SIFIMVyvg,,
選物生活,Seria りんくうシークル店,Seria りんくうシークル店,〒598-0047 大阪府泉佐野市りんくう往来南３りんくう プレジャータウン シークル １Ｆ,34.409144999999995,135.29768199999998,0.66,4,266,,月曜日: 10時00分～20時00分 | 火曜日: 10時00分～20時00分 | 水曜日: 10時00分～20時00分 | 木曜日: 10時00分～20時00分 | 金曜日: 10時00分～20時00分 | 土曜日: 10時00分～20時00分 | 日曜日: 10時00分～20時00分,,,,https://maps.google.com/?cid=6018951593943294325&g_mp=Cidnb29nbGUubWFwcy5wbGFjZXMudjEuUGxhY2VzLlNlYXJjaFRleHQQAhgEIAA,https://shop.seria-group.com/seria/info/000001418,places/ChIJxQ4caP63AGARdeFCvZWch1M/photos/Ab43m-tzjzgrpKz6HyuVemrjbj7B_9BNRCIQTTuTM8N8A8jSimYHQ5jZ2i5tpuDjgNDhg2WrG4RPXFTmIqQwtZdHlD3yMns1vNTRvlsn2pdJLZ1AS81iDHx5eL_DYOhpJJpr4h9l8lPl0jecH-vYM_JUnDNtcOCRHPirIHT4eauUDXkSS3sHX44dNAdFUnkoWFs8-V02Jcifn08JKKCmnjUg11wbbl09Q88-tpxmvp4c6RoARBohTnxaFaZCYzNP0y3ZCGr6XaYDG3A_sYkBgYqlHUYyRdh352UtKxshDGZtoHGternGDty-ly9W8NgRuwk0VtRHEHBSitFUzsztsEJ3bfzDPO-QQsI7-xi-L3NphQUgZ1R2xbJDMNI5kVij2hglo6DLgCBSaWBcPUy_ZN0bDNP6oZP_ucbgEniWrMhD9zQ,,
選物生活,ユナイテッドアローズ アウトレット りんくう店,ユナイテッドアローズ アウトレット りんくう店,〒598-8508 大阪府泉佐野市りんくう往来南3−２８ りんくうプレミアム・アウトレット シーサイドエリア 2F 7200区画,34.4078902,135.29541949999998,0.76,3.6,219,,月曜日: 10時00分～20時00分 | 火曜日: 10時00分～20時00分 | 水曜日: 10時00分～20時00分 | 木曜日: 10時00分～20時00分 | 金曜日: 10時00分～20時00分 | 土曜日: 10時00分～20時00分 | 日曜日: 10時00分～20時00分,,,,https://maps.google.com/?cid=12613715415696769864&g_mp=Cidnb29nbGUubWFwcy5wbGFjZXMudjEuUGxhY2VzLlNlYXJjaFRleHQQAhgEIAA,https://store.united-arrows.co.jp/s/olt/stores/ork.html?utm_source=gbp&utm_medium=gbp&utm_campaign=store,places/ChIJMz3svpu3AGARSIN5GlfrDK8/photos/Ab43m-ta6As1lXPC8L3ehb96rDAwlwHetumXW8-9SOr7DyuG3ACL2EZ18oD6LgT1sNvtJhfdYAQyn0kCxHK_Y4mgbT5a51bVGCVxiFIUIgdmf4HGgV2ix3cbbe3O0-HC_rwysmAp-vuFvc-9LbcaVSyC9BW9cPIy1OEyLefG6ugHsbVZuDRhJgaM-24rUQ5hjZ5zCczQYPEeF9UBnICUcPjPRnDS31QcUCKl1l2BPuDdzVcq7NadrUtNeaXQXYqG8dx59VxOve4ANps6auHEODmTimDb2A67iQo1WKgF3gO2G-YV1yO5Z0lomOp-23WJgUEgHZg_StlEfKqXLOTzBaM3UJQns92d09NKd0XcBhfVp-vhwsqn_byY8XlOsO7ZDtudKcith6yMCEsIzpI_xNYkuCVzv97iaPLau4dBs9Sv323HH8KL,,
選物生活,3COINS+plus イオンモールりんくう泉南店,3COINS+plus イオンモールりんくう泉南店,〒590-0535 大阪府泉南市りんくう南浜３−１２ イオンモールりんくう泉南 ２階,34.3810877,135.2680284,4.49,3.6,211,,月曜日: 10時00分～21時00分 | 火曜日: 10時00分～21時00分 | 水曜日: 10時00分～21時00分 | 木曜日: 10時00分～21時00分 | 金曜日: 10時00分～21時00分 | 土曜日: 10時00分～21時00分 | 日曜日: 10時00分～21時00分,,,,https://maps.google.com/?cid=11898756860081747819&g_mp=Cidnb29nbGUubWFwcy5wbGFjZXMudjEuUGxhY2VzLlNlYXJjaFRleHQQAhgEIAA,http://www.3coins.jp/,places/ChIJRRAQnpi3AGARazfqaVLgIKU/photos/Ab43m-saoi54TuSxIJmF15g5g_ngeqXLksUOGyl1x5NpLOZTkvVksVNSWkiZTyHp48y4fGhd8zpd52Au80r7YELmHVMbcCRzcdyVkzWYwow4wtA7_5vNr2Ci_EuzcsdYBcQJln1xlrsSM04UJhrXsgqSujQAfaaGAzA9hPIMC71sd80txtroPZGiM91byUdhcN85g6GGCguOOlGWKbWUoKJTq11Xsg38lbiZzila2olDB2fJQVVF97Y5zINP5b-PS4ml5YFGNgRX1QaN8ByfhA63youUOf7wcKfkfHQoH3B7egxWWX3PJT8xb_XG8cLRGwDhp_n5e0Qo7TjcGidXIX4MXKkcP0Ct0VnK5M2dtDV5MmYzpgnkSAWzsn13iwPKVBtLS5urss3CKzUCrckrnnrmZvfgQDfF9sccsVlMji6sFbY,,
選物生活,URBAN RESEARCH warehouse りんくうプレミアムアウトレット店,URBAN RESEARCH warehouse りんくうプレミアムアウトレット店,〒598-8508 大阪府泉佐野市りんくう往来南３−２８ りんくうプレミアムアウトレット 1F,34.4057944,135.2953536,0.99,3.6,203,,月曜日: 10時00分～20時00分 | 火曜日: 10時00分～20時00分 | 水曜日: 10時00分～20時00分 | 木曜日: 10時00分～20時00分 | 金曜日: 10時00分～20時00分 | 土曜日: 10時00分～20時00分 | 日曜日: 10時00分～20時00分,,,,https://maps.google.com/?cid=10151362989503547814&g_mp=Cidnb29nbGUubWFwcy5wbGFjZXMudjEuUGxhY2VzLlNlYXJjaFRleHQQAhgEIAA,https://www.urban-research.co.jp/?utm_source=google&utm_medium=organic&utm_campaign=gbp_profile&utm_content=warehouse_rinku,places/ChIJF7U8Afy3AGARpgloz9ri4Iw/photos/Ab43m-tqK4fJGimb1KTM86lbGYG2R_eD0IFbO_MAoBpS655L2hHrr0OlJB1leGhnNthrWoUX8OcDvvttS3zYrAusVor6DvdVEa0UnUjDsZMd9ToqrFsgs7kgBmxzRBmoPnqKz6dt4rZQsRUv0Lvdlvfrqx_26YDXI5jvsccMKYTjeYa1X5kNRyTAUopdhf-xXoZViUchzoF9LG9xeKIzaqAvl2WQzhEDHhcIZQ782Qg0q7duuhRzwrLf79ENRGz9w2W0pBO5pNNsD7AUylYcH1oCcTJK9TVbHZ2h-pvqbsW96iml1g,,
選物生活,レゴ®ストア りんくう店,レゴ®ストア りんくう店,〒598-0047 大阪府泉佐野市りんくう往来南３−２８ 番 りんくうプレミアム・アウトレット 2F 2635,34.406593,135.2963087,0.91,4,154,,月曜日: 10時00分～20時00分 | 火曜日: 10時00分～20時00分 | 水曜日: 10時00分～20時00分 | 木曜日: 10時00分～20時00分 | 金曜日: 10時00分～20時00分 | 土曜日: 10時00分～20時00分 | 日曜日: 10時00分～20時00分,,,,https://maps.google.com/?cid=8864070916057353848&g_mp=Cidnb29nbGUubWFwcy5wbGFjZXMudjEuUGxhY2VzLlNlYXJjaFRleHQQAhgEIAA,https://benelic.com/lego_certified_store/,places/ChIJe1crOvy3AGAReE54x4iBA3s/photos/Ab43m-srtacrnZ5YQU01LtbXbjyPUcBXT_vuOcO90J2X3o7Of2Dg6_62OPrEzLepBqGxx7pR43TYxhC3RobBQ_YCzdScD_9RfTHk5MmupEvGFxXQhd9y_TKTiCobpkVY17S2P9ROhBPio3wFl2H68ZRNx1cXU1mE80mSilHxjwQw9FZ8FEHOR7-rF0x03IVMGBSRBh6cIAzJ-Xc0VaMBpTzL1-l8GCuPWtgemaTvjNO36b6MZv4bIBhQIyW_lG7OMmJPM2zxruQiQWu-MVp-jNgEj1qHGI4NgWqqtIUmyryZmFF3ZrgqpDOCfCsaTf_ffbFx0cq74xGJQaquluIU2r-qaTm7Um4_Yo4_sFciIzwkpbPt5xAGC1tiPpA6Y2_Lea0XTv1z9lqSp7_cbpg9-RY7Tk4iGcNdWhVW7FNNoUTpgw,,
選物生活,エトロ アウトレット りんくう店,エトロ アウトレット りんくう店,〒598-0047 大阪府泉佐野市りんくう往来南３−２８,34.405563199999996,135.29452519999998,1.02,3.8,135,,月曜日: 10時00分～20時00分 | 火曜日: 10時00分～20時00分 | 水曜日: 10時00分～20時00分 | 木曜日: 10時00分～20時00分 | 金曜日: 10時00分～20時00分 | 土曜日: 10時00分～20時00分 | 日曜日: 10時00分～20時00分,,,,https://maps.google.com/?cid=6727270871401581812&g_mp=Cidnb29nbGUubWFwcy5wbGFjZXMudjEuUGxhY2VzLlNlYXJjaFRleHQQAhgEIAA,http://www.etro.com/,places/ChIJWXqQBfy3AGAR9Ey5BTcRXF0/photos/Ab43m-utG68JOFrly2h-KlfAU3QXG1XLC_gORJ6hRWcIofXd1R3Nzek_bFQYMIvuixTp5EgkN4l4BRhGv3KR9_WwFLFd2oirhCaI71L0zC4rAI0bBnpghoOvperPIIqyLVAU4NHwUVov3Zq1tJY4ZHLOvgCt5Mvj9QE3k_uH6ApMaPMkXIhxxPjwyrjjFUQPCxf1fhqcbIWyr3FsXqF6p5j-d2OWnc2_ZSy1gfVs1B9NmK8eHcm7q5WBaaqDYh1v9dHaSIguQOwXHqeH-V3ccC1zM8hmmYl5U_gzsEnXvZQg1MflK2-4r2w02sf7Q-0P8_4qLA1Y_I26lz-cUpdoBgnyoSoNePoscyWO3n_Stqq0FOtojRRAuMnbmfEp6oI8TEKu1n5pHPemnSUinyFUAF1kxQQULshKVZJ-y1Hdgu84Gr89Dg,,
選物生活,泉州タオル館 りんくうプレミアム・アウトレット店,泉州タオル館 りんくうプレミアム・アウトレット店,〒598-0047 大阪府泉佐野市りんくう往来南３−２８,34.4066739,135.2965323,0.9,3.7,128,,月曜日: 10時00分～20時00分 | 火曜日: 10時00分～20時00分 | 水曜日: 10時00分～20時00分 | 木曜日: 10時00分～20時00分 | 金曜日: 10時00分～20時00分 | 土曜日: 10時00分～20時00分 | 日曜日: 10時00分～20時00分,,,,https://maps.google.com/?cid=14236993078541546038&g_mp=Cidnb29nbGUubWFwcy5wbGFjZXMudjEuUGxhY2VzLlNlYXJjaFRleHQQAhgEIAA,https://www.senshu-towel.jp/?mode=f8,places/ChIJURE1N_y3AGARNvIpLMb1k8U/photos/Ab43m-vSyRfIq4hYwwJQxAv_GDWrKetZ9mHHA0f3ponSa3ho8gYSSdiXxi90xAXt90DbK47UEsU5dpVjb5krQK8SQg6SrguPrZvk9l-IfDrTx4MZ1WxjRzUugBOdypmtreHuk_eD2PeDmOXEhrJv_9X2DXiBlQMaHy4Er4UM4NdYq5bmFjnc7nHJ6LdEgooI1tRYipEOREbVTn8Eurou7IOwMws3lGaOckKAvDnuspA09f3D94QvUwr8CD9N0vBBipyRkHtS8HUedy9YrJ5nBLNp8_XVDc0RDPDV9AO6cA-U8KQGckYW8PTojdc1U0B9yii8sP7peWgG0vkjq_2Zp13pO2nA5Z8Bi9YHOky8n28-XvdWkNTgT-9UlPioEDYwY_1N6VPHHeQ_pDDWPAd-t3lhya_iXvwITN2g5wSy8hwvx6qHxQ,,
選物生活,アストロプロダクツ りんくうシークル店,アストロプロダクツ りんくうシークル店,〒598-0047 大阪府泉佐野市りんくう往来南3 りんくう プレジャータウン シークル 1階,34.4100218,135.2986529,0.61,4,123,,月曜日: 10時00分～20時00分 | 火曜日: 10時00分～20時00分 | 水曜日: 10時00分～20時00分 | 木曜日: 10時00分～20時00分 | 金曜日: 10時00分～20時00分 | 土曜日: 10時00分～20時00分 | 日曜日: 10時00分～20時00分,,,,https://maps.google.com/?cid=3993350674757096762&g_mp=Cidnb29nbGUubWFwcy5wbGFjZXMudjEuUGxhY2VzLlNlYXJjaFRleHQQAhgEIAA,https://www.astro-p.co.jp/store/detail/105,places/ChIJxQ4caP63AGAROpV28Ec7azc/photos/Ab43m-vWwV0PEIn2Fq60X7zvoKvUuXkjL7rPEex9W-k7adZUH9989oeOBoeU7YlGf-mkHgF72XrvwK2s9DSrAQ7IKlq4B2W0RG1cTx-KQpI_4bv9WsOzA1Hc0bRYNvtCRWUPmu5kQezoXf4mQLmlJkWm2uD2QylcOxVw5qmLe92bzzM20oihV7DRJdcXG-6YNi3K5tuew223vBW6wVPeRBfUNXpJZRXiWapz1qH09bCPvAvlQcyvE38KOSYceIG9iGNL29jTKiSEoHIVRdkbcLGkC1gV7es69-h2IU7zTbrY5SvCUrtnFZsBDIJVMuAw9XY_IJorCLjW6XeixgoAOa4QjM3RSQ_5EeIP6PyYhf5I5ot7MDrVfN1DzYawyQaWeHUy-Ctib9wZJXuCimx-kvWLmgCjTDmOgYhc0CtaAyVZmKxs8Nxx,,
選物生活,ワッツ 泉佐野駅店,ワッツ 泉佐野駅店,〒598-0007 大阪府泉佐野市上町３丁目１１−４５ ショップ南海泉佐野 内,34.4109742,135.3167806,2.02,3.9,95,,月曜日: 8時00分～22時00分 | 火曜日: 8時00分～22時00分 | 水曜日: 8時00分～22時00分 | 木曜日: 8時00分～22時00分 | 金曜日: 8時00分～22時00分 | 土曜日: 9時00分～22時00分 | 日曜日: 9時00分～22時00分,,,,https://maps.google.com/?cid=15852832721895773057&g_mp=Cidnb29nbGUubWFwcy5wbGFjZXMudjEuUGxhY2VzLlNlYXJjaFRleHQQAhgEIAA,https://www.watts-jp.com/shop/739/,places/ChIJ5yWl7BLIAGARgVNJYF6TANw/photos/Ab43m-tTYkMh5ddgQjt7Utzmt_fljs_3IpeFClbCJUzIJJjBRQCr00KgzIAyGy0H7Aq5qHj70qID6iNU3U0Dvu_vGgE7JCDJY54S-8sFcjktB5NeAxOltigxY02Gkf0Pwk4gK_Kw3z82FV3hZRFhWHlmxTONl36L6CQNdoW8CFu5vS5U7msQpuATTqdeJoLRgUOIJ8OrTNSttXKMB0MAaBnmSHvnzHjPlaNuiQmBkhggQDEOVtH6cjkVhf558Me9vnnOeGgraCd8Luumb7KPXtQgUmCXZysDK-dXo1LTB85lxhjzN9Zrnj-Prt_SpdKkHKfqHbCKw2sOWhonkWOaeWDtl3mBWYCGjgkiZbAuOHnx_U_p46D5irmdEC8yk91UhLkMCxUsH1FUqtv6vkK6mrUwG2MvMc-wxW_rTLLkKiS_RqvSNw,,
選物生活,ティファール アウトレットストア りんくう プレミアムアウトレット店,ティファール アウトレットストア りんくう プレミアムアウトレット店,〒598-8508 大阪府泉佐野市りんくう往来南３−２８ メインサイドエリア 2F 2920 区画,34.4062896,135.2959137,0.94,3.6,93,,月曜日: 10時00分～20時00分 | 火曜日: 10時00分～20時00分 | 水曜日: 10時00分～20時00分 | 木曜日: 10時00分～20時00分 | 金曜日: 10時00分～20時00分 | 土曜日: 10時00分～20時00分 | 日曜日: 10時00分～20時00分,,,,https://maps.google.com/?cid=4757305399550310089&g_mp=Cidnb29nbGUubWFwcy5wbGFjZXMudjEuUGxhY2VzLlNlYXJjaFRleHQQAhgEIAA,https://www.t-fal.co.jp/consumer-services/where-to-buy/rinku/,places/ChIJpVIxPvy3AGARyXY-PA5YBUI/photos/Ab43m-uNT3dvgRUS_Ly-WyJHjkT_sRqpr03RtYarE2euRWwivtMZ1lyLopD5zpEsqYgzfBba7Un81Co3JNZ9VR3PzHxQ47MYoDKElBoUiPu7Q0RR0cEhelR3GkJqBcfuxsQGQIhqZDJSUZX3mgCmo4tsk4Neq8vhvFC79HkTfFzBKvMTgAXo3sd-kUz95wZoB-p3wTq3sjF90OabelE4Qd3h2oI9eeRgiYEBVQoAeM7Ygs6PDueaYjeiuBDQgEvGwahvlGPOWWaWF1pbLJiiyRJS92wjDQbUjSpfgJloVuHSpBGlKO_jOebBJin6fVM5wVbqkkwQ2mkC5_kPrBGh8YZ0lkdQ7ovX3JozAa0HWdfYhznzhofnFdubrWHXuSa7DcOn2g_sLtPP9Ky3xcsaIQVMXStxDWT4kew1Kv7b7z5jXCI,,
選物生活,ZWILLING GROUP BRAND OUTLET りんくうプレミアムアウトレット店,ZWILLING GROUP BRAND OUTLET りんくうプレミアムアウトレット店,〒598-8508 大阪府泉佐野市りんくう往来南３−２８ りんくうプレミアムアウトレット 2825,34.4061397,135.2951966,0.95,4.6,83,,月曜日: 10時00分～20時00分 | 火曜日: 10時00分～20時00分 | 水曜日: 10時00分～20時00分 | 木曜日: 10時00分～20時00分 | 金曜日: 10時00分～20時00分 | 土曜日: 10時00分～20時00分 | 日曜日: 10時00分～20時00分,,,,https://maps.google.com/?cid=6220557544857345123&g_mp=Cidnb29nbGUubWFwcy5wbGFjZXMudjEuUGxhY2VzLlNlYXJjaFRleHQQAhgEIAA,https://www.zwilling.com/jp,places/ChIJVx3STPm3AGARYxwZDiHcU1Y/photos/Ab43m-uLy8UAi6uuo3Ww5vlPWx2fu9sFDTfJfnvNqQvfNn4rM0P1J3QaVp5J5rgfX1jgy4ZGpRctJIG5ax32rGVUKEV2WW4JQjJWdMGMg7kqqeE8iT-UGwdkYXQWB3RAkszsBpLwGmJCmtGJrNU68XkvGgaKXFaJGQ-Ivf3yhZv9HnrLva31tzSpr8CPOXxPHHqTABgyA3c8I4zwTOtIQzBIu6ZND0YhTfn3V-n5dy0l24Nujp5jhlBfY8pKPvUtjg16o7XF-leN_Ob2RYN-2nyHdv7fTwdkv4vSE-fSakllIZ5jZKjZUbAoWNNsi2L57QkrTXihtGULKnmzt4zuprpQCJLa8GkacCpwsl1Wn-prcqWaIl3_9Ex_Udrt4AM3nX69xvVphaDIP1AfqcLxXF6Lr4wvOr6I3WwAYHFysjGFeDK44hga,,
選物生活,チャイハネ りんくう店,チャイハネ りんくう店,〒590-0535 大阪府泉南市りんくう南浜３−１ イオンモールりんくう泉南 2Ｆ,34.380523,135.267896,4.55,3.8,83,,月曜日: 10時00分～21時00分 | 火曜日: 10時00分～21時00分 | 水曜日: 10時00分～21時00分 | 木曜日: 10時00分～21時00分 | 金曜日: 10時00分～21時00分 | 土曜日: 10時00分～21時00分 | 日曜日: 10時00分～21時00分,,,,https://maps.google.com/?cid=9036694980371626985&g_mp=Cidnb29nbGUubWFwcy5wbGFjZXMudjEuUGxhY2VzLlNlYXJjaFRleHQQAhgEIAA,https://www.cayhane.jp/shop/c/c01/,places/ChIJr8KifZ-3AGAR6TubyDTKaH0/photos/Ab43m-vImgCS0uWesmxsnQWFR_TV7Q1-0o20keEWaWMhv4q7QKA4BbXxh-1f19-PolkZ-v4eueK0ql_D5BAQM4mtQrb7SfiajDIDMkwMKR6K_dFTzoOIioaD6zFpdn9lrrgpuGk6WQ2rPbu7R91y1iCk3d6N_l98mJmXEUUyKr2PqJ0dB8ZeaQp6qPRX6RtNLpSge1TeAyVNxO4lIR4hgloKt9t-TH6bFe1GQsYfY14uD5Nfvvhuq4janovlQb1bIj5TKiFrcZ7G4bWVMLbevzsyUOwG26m9PgWUURW9rzIDpyN1fg,,
選物生活,マライカ OUTLET りんくう店,マライカ OUTLET りんくう店,〒598-0047 大阪府泉佐野市りんくう往来南３−番地 りんくうプレジャータウンシークル 2F,34.408924299999995,135.2974797,0.68,4.1,55,,月曜日: 10時00分～20時00分 | 火曜日: 10時00分～20時00分 | 水曜日: 10時00分～20時00分 | 木曜日: 10時00分～20時00分 | 金曜日: 10時00分～20時00分 | 土曜日: 10時00分～20時00分 | 日曜日: 10時00分～20時00分,,,,https://maps.google.com/?cid=13921634232524378190&g_mp=Cidnb29nbGUubWFwcy5wbGFjZXMudjEuUGxhY2VzLlNlYXJjaFRleHQQAhgEIAA,http://www.malaika.co.jp/shop-rinku/,places/ChIJxQ4caP63AGARTpCIEpOUM8E/photos/Ab43m-uMEMMb257hvmI9JHhTechMxN7jJea5Zu7v3VlyIgr5JgTHq7eoZCRandPC7sBHNjt5oTsJ2LcUPetv5SqaZS0VtgpD0OnQh0jsVWA3U0M_l17I9mZeJAqCcChGmxu6NkLa6KsBuqBMcoB5fY7_Sp0tVSaS2HJXF3CTKE7X9cLeIpR2e3L28ay8bqwvcsoOFvHuH4oegB8hXiuCV13s_Hf4kK6SCQcb2F2OjLA9iAJOMHzXl8d_rXvfLCyhnUrySIY5mFDVVFjJMXEH9JGe_iJhZO79TTdrkBMYpv93sK-KlEKbYIvLRQxtIZXOZs0k0SYGbP2rJNp_rAaFcPMuiDwaNWF_3o9iFtVu8NTq0VJkPmxnaMsdIgjHp6hHz-oU7EI0i49jY07TEAWRgX_IcxmhpQZG4Giniic6luPZAXoV4A,,
選物生活,TASTE OF KANSAI 関西旅日記,TASTE OF KANSAI 関西旅日記,〒549-0011 大阪府泉南郡田尻町泉州空港中１ 第1ターミナルビル 2階 関西国際空港 セキュリティチェック後（国際線出発エリア TASTE OF KANSAI関西旅日記,34.4372756,135.2308648,6.41,3.7,49,,月曜日: 6時00分～0時15分 | 火曜日: 6時00分～0時15分 | 水曜日: 6時00分～0時15分 | 木曜日: 6時00分～0時15分 | 金曜日: 6時00分～0時15分 | 土曜日: 6時00分～0時15分 | 日曜日: 6時00分～0時15分,,,,https://maps.google.com/?cid=8831070041851980448&g_mp=Cidnb29nbGUubWFwcy5wbGFjZXMudjEuUGxhY2VzLlNlYXJjaFRleHQQAhgEIAA,https://www.kansai-airport.or.jp/shop-and-dine/shop/s146,places/ChIJh-3HzxK5AGARoGou_2lDjno/photos/Ab43m-u1w8IyvCRTK96plmPsrYZAnUClegNVWF0jOAnx1-Ig2jEe-tniq22o-i-1kk89mJBOZRXhuvzxCWUtT9YcpX9LkdOpWrhla_d6nj0OvFblmth0NWnRVao-pfjatVqnb1SS9yAYVB3So2cxlUb0C9TI1ZGXkSwWWEhfWfq7aFlMsbEm9iVpzAPe5hMlDBpOvPZlZR1CS5x2arSlosIFVT28U6FI-DT0c4vl5UyUBEQe8lvs1T_O0FhXp1gUWAd3MSuCX2ofVsVGh4l8rIx13Xabd9oxjK0W1MYzckjcg5znCPrczBSRCsYuuDXugDoiDZPupqcC9IkyTqK28O7HSICRqLggh_Ly94wf6Ob54OQgGbch0I28OQiPffzL_ySAM0k6rtyZ5rlqs0bMYhDsE-2OJ2P32Z_NngLPyk-AQs514A,,
選物生活,Sanrio OUTLET りんくう店,Sanrio OUTLET りんくう店,〒598-8508 大阪府泉佐野市りんくう往来南3−２８ りんくうプレミアムアウトレット 1820区,34.40623,135.2951875,0.94,3.9,45,,月曜日: 10時00分～20時00分 | 火曜日: 10時00分～20時00分 | 水曜日: 10時00分～20時00分 | 木曜日: 10時00分～20時00分 | 金曜日: 10時00分～20時00分 | 土曜日: 10時00分～20時00分 | 日曜日: 10時00分～20時00分,,,,https://maps.google.com/?cid=15648892727610783966&g_mp=Cidnb29nbGUubWFwcy5wbGFjZXMudjEuUGxhY2VzLlNlYXJjaFRleHQQAhgEIAA,https://stores.sanrio.co.jp/7474100,places/ChIJJ9Tyyv63AGAR3jhvPQYJLNk/photos/Ab43m-stu1D-FNx6CXoQTtj1YjCnU6mQ-yuCt3kr1m-UsKY1DOBZZQU2j0eTOH7Qm4nHAHCvkpu6_jnFNv2frVfNRw0IxKpJWnmbig8KLF79SZI5SBkKVHUxkfQIWW1_LKhHQEik2_9bd6jWkQ9Fv_yhaPk_eGTXdURekuNouBc2KzIOI5nXQozd2528VKEzawQq30rePHop_byQN1BUhSov_o9eogOxmGfC3Hv88PP1rVKzSIl-pHzlw6ou230AfVvnIaLHtHmQ6G5_y8YFdce7o4NZhyt_xGVdeNLcd56driuMm5vmfq0pFcnrfWtELP01KfOAfrraodQ69kqy2_WF9gGtViY1kS0CZV6waa0glqbMW_XoWtrjA3Tbmk1J9CuqLgRPNoFcyhy-_zLTgeSocxAZQyFn3NCUZ0BtloenOMPm7uk,,
選物生活,シーサイドコフーン,シーサイドコフーン,〒598-0047 大阪府泉佐野市りんくう往来南,34.4088081,135.29334219999998,0.68,4.7,35,,月曜日: 24 時間営業 | 火曜日: 24 時間営業 | 水曜日: 24 時間営業 | 木曜日: 24 時間営業 | 金曜日: 24 時間営業 | 土曜日: 24 時間営業 | 日曜日: 24 時間営業,,,,https://maps.google.com/?cid=6988207729226035898&g_mp=Cidnb29nbGUubWFwcy5wbGFjZXMudjEuUGxhY2VzLlNlYXJjaFRleHQQAhgEIAA,https://www.premiumoutlets.co.jp/rinku/sp/seaside/recommendmap/,places/ChIJvwQdPBK3AGARujIolecZ-2A/photos/Ab43m-vVzOSrI04IxBVCi_hq7XyR4ZP3vgGeAeqanemVHSsOVxVewkrl59SPFn--q5cUcEvSMkyPxkjZBz2SKOcTpv_SeAaST0XhbHyuSoielG5BsGU5Xr3INpIn1Hg5WlGVk-lAUmVaXDAxSkI7iQSgT2vWX6CiuCLRE2PeS4LZ3_AYqwrQYU_UXXixd374YASx166VWlXwYNuXl7PEMhRrcUw2AUslVZZkWLtYdX0--r5nv1EptgW9ABQIitvfcv1MzyCE4UkDEBM7qJWCOqFVQwp37tW8edtS73gpKFOKmahd2ZVAcgcnTKUCwznP4QfXOdD8OhXHsyPcmpv-cJLRbWR8-pTbP0mfEd4dsyO0Sm6WmMTF_7AXAdWhHy4jlB9YiJVynzEbyU7AjSODjug3yruv0TmcmVRRFm7agCiNq0lOrg,,
選物生活,（株）カタナヤ,（株）カタナヤ,〒598-0043 大阪府泉佐野市大西２丁目４−８ ワイズビル １階,34.4067462,135.30629,1.35,4.3,34,,月曜日: 10時00分～17時00分 | 火曜日: 10時00分～17時00分 | 水曜日: 10時00分～17時00分 | 木曜日: 10時00分～17時00分 | 金曜日: 10時00分～17時00分 | 土曜日: 10時00分～17時00分 | 日曜日: 定休日,,,,https://maps.google.com/?cid=17797397296404375009&g_mp=Cidnb29nbGUubWFwcy5wbGFjZXMudjEuUGxhY2VzLlNlYXJjaFRleHQQAhgEIAA,http://www.katanaya.co.jp/,places/ChIJ0UlYOWrIAGAR4SWu4osO_fY/photos/Ab43m-u0ftGEkyl7SiwX-9TIOMC8LafwAUMoqfGn2-aW2BfcfAwPcVNh6Ddq1id9F7zQRIjfxhVjCaBrFbUxEDMUCXBItUD43aswJS8MOe1gcurQqRGeGy3t4WMx47el8YXLr3pQwV8p1X7fOjF2MYlLmtgvSn2ZMX1-20HYmqIjSdnx9jJDRfmhXV4jFv8G8E9RoS12zjcsBrlS54YU-FtWwtYKquO0sIEvstK5dEzaxsTouFwHawvdVFh3bw88qNHKPecHt-POKmTPMC7DIewCFsYoGGRkqcO4Y0Vcn6p5T8r2yHUqZ-cBJzZy9K7-X_SWXnNSNLS5Jsixs9nzqoYys0AvV-YwqYLMAYfSF7wQh8wtGxVekszrNBKzLYSGPxE_je9w13ep6NTaJamXmoQhrNRtzEgWhkK6DjBINa9NRZ02cBU,,
選物生活,Cafe&zakka sora,Cafe&zakka sora,〒590-0447 大阪府泉南郡熊取町成合東１７３,34.3768688,135.3650257,7.66,4.3,34,,月曜日: 定休日 | 火曜日: 11時30分～15時00分 | 水曜日: 11時30分～15時00分 | 木曜日: 11時30分～15時00分 | 金曜日: 11時30分～15時00分 | 土曜日: 定休日 | 日曜日: 定休日,,,,https://maps.google.com/?cid=14615841797892522304&g_mp=Cidnb29nbGUubWFwcy5wbGFjZXMudjEuUGxhY2VzLlNlYXJjaFRleHQQAhgEIAA,,places/ChIJk-FZAFrJAGARQMGwWK3m1co/photos/Ab43m-uK-LHZ7YLNQdrpxhOXZEYbWKpMzF6hHNLmdlXrvhEJyby9IjpdopLFvWfr5KeYqx8daGK0Uq188p1SiBUlHh5GtJ3cd13P9BTy0ztVRdG6FnV2j8yEDxCj9mS1vbPM-89E2CHv5O8yoRTSP8dVY1ciO7N3QSKAjRVaJTYidXIbtlYIQhinNkU0gVEjFyNBmixRqldSIU6pGHIw4x5UV1PiVCxK-uvktPltYEB5op0EM5vTKxndiF8QkSMfyKwY07pi9nbDY2zFnl40CTddd1T_lvqfI29nC3AVMwFz-MXEBYEq5w1scGKb6zH7_rHrKR9r3Yt4WXAfCN_YjtZfQx1KZ7gjkz2fkc4Y6W2G5P7zO4LnyMxYL-cLgX3R5PthXXDl0sBB5yvm9hDnpDp1in3Jhg4vfF-2UTzc1HFaBry77yi5DxMnh0j3To1HR1mO,,
選物生活,文具の森,文具の森,〒598-0007 大阪府泉佐野市上町３丁目８−２０,34.410092,135.317563,2.11,4.4,32,,月曜日: 10時00分～19時00分 | 火曜日: 定休日 | 水曜日: 10時00分～19時00分 | 木曜日: 10時00分～19時00分 | 金曜日: 10時00分～19時00分 | 土曜日: 10時00分～18時00分 | 日曜日: 定休日,,,,https://maps.google.com/?cid=13101140608806872651&g_mp=Cidnb29nbGUubWFwcy5wbGFjZXMudjEuUGxhY2VzLlNlYXJjaFRleHQQAhgEIAA,https://www.bungunomori.com/,places/ChIJc2iDJRPIAGARS-ZgjPiZ0LU/photos/Ab43m-vNGJ6rjuPkmGT3obali1Cb1Ge6ts4DD2iqQc9PENHXvzBCA7Owljg0vyTOG2KwJpeKcFtVuO13iIfqr72Y1YC3WByN53uRAASo3bXXdPm-cgO6Ob3Z-f27MI2yJY03cdDVdQmQbFSPHfA6aHqvbMxKuQvia7vIbKxCiJ4ESFRL0QyIzVIGbkwS8UhvvxBVYs6X3Q07XJuZMwPZi0JplfQU7tERkThvoDZBaGXDL68Aw28Uy_ppSdnbClSuguH3aUQh0KPiysJoU5AJsWrcxuqR7qqHkQkUMRVRescThPo,,
文具,未来屋書店 りんくう泉南店,未来屋書店 りんくう泉南店,〒590-0535 大阪府泉南市りんくう南浜３−１２ イオンモールりんくう泉南 2Ｆ,34.3796319,135.2660299,4.73,3.9,1084,,月曜日: 10時00分～21時00分 | 火曜日: 10時00分～21時00分 | 水曜日: 10時00分～21時00分 | 木曜日: 10時00分～21時00分 | 金曜日: 10時00分～21時00分 | 土曜日: 10時00分～21時00分 | 日曜日: 10時00分～21時00分,,,,https://maps.google.com/?cid=11895903188982681567&g_mp=Cidnb29nbGUubWFwcy5wbGFjZXMudjEuUGxhY2VzLlNlYXJjaFRleHQQAhgEIAA,https://www.miraiyashoten.co.jp/shop/%E6%9C%AA%E6%9D%A5%E5%B1%8B%E6%9B%B8%E5%BA%97%E3%82%8A%E3%82%93%E3%81%8F%E3%81%86%E6%B3%89%E5%8D%97/,places/ChIJG_lFdKK3AGAR38-_Vey8FqU/photos/Ab43m-uxzHCeJJMjQQEOuZzL_CQO6mfO9nTwdBpU4tIguI9iTGd9cJ44FC6p3rRT8gqesSUmiwsFcweUZ6zmBb5bH83MAuOw4xQKKyhbS8rQqlVBztcIDzM1Yb5oEKDPaddqdM5ii6M6syQA_l9-e59gWeL7MVub3FEUVK2GcU0q6F9rsT3q1N2DVJpJr9I05K5bMpY0iikyaQ5o1CV8t_18-fcc4DEq4KHwJF0QzrockyGpWKi5Lmkv4kvth2ID6HuG07W-MjHpu3jsb7WYLTH60zDJdKrkFry5NNulZ8Rl8HNhTHi44XkNDaudtYAQ6HJI9-dE_bVwjyAQDQWt7h3xi2r7w1Qcd0VsroHWshx0RGua9gu36YiER61yrgfFGN38bn8jIVMTJTbstsSuetYu0g-XXi5OET1cg0BHxF3Vg1dKb3TeUaJ3QlnGrh9OWWsn,,
文具,関西空港第１ターミナル（バス）（関西空港線・下り）,関西空港第１ターミナル（バス）（関西空港線・下り）,日本、〒549-0001 大阪府泉佐野市泉州空港北,34.43582,135.2448,5.19,4,169,,,,,,https://maps.google.com/?cid=11275757522974241115&g_mp=Cidnb29nbGUubWFwcy5wbGFjZXMudjEuUGxhY2VzLlNlYXJjaFRleHQQAhgEIAA,,places/ChIJt_e-EhO5AGARW3FRwrmJe5w/photos/Ab43m-v-mcZgAe5pjm66l1hd_UqAgzPKs9VfcYU1kLRx1Juvv5-Saw56mPRrHqgmzjy7x-qKyFDx6qQRRq0oILmA5kilknAbKRD_tRVMbyyGVvc0m6eRyqJERG2nXkqlbvxF5jFWGZoGtUAWvzD9E8hfMFZdAsDmQvoOJJ_PiGpfFeB2NCmXAVsEy-P9bo7yPhkHrCTHb8U2BDG8lE70zpi0wPVXGuY1Yf99hYMxVuMYDtVLlyzSvjOYZCaBkOjKzahqLWC_bv-HZO6p1avGupXBthRC9hggXGJh4lDCtjmw_pfg-2-4Bzi5EDBmX43xAIce3JhG3gEDgKfsOZR-1sjSZKmalvKeGU0GOt_BKT7Xe-O16G-9DIAKAFdNbd3pATj3-psVXYp4DZ0tXJJ00DZBrWKM4-k5Xk6t4n8EoWZcnKUHhu4,,
文具,南海チケットオフィス,南海チケットオフィス,〒549-0011 大阪府泉南郡田尻町泉州空港中,34.435738,135.243247,5.31,4,80,,月曜日: 5時00分～23時30分 | 火曜日: 5時00分～23時30分 | 水曜日: 5時00分～23時30分 | 木曜日: 5時00分～23時30分 | 金曜日: 5時00分～23時30分 | 土曜日: 5時00分～23時30分 | 日曜日: 5時00分～23時30分,,,,https://maps.google.com/?cid=14562468104423064794&g_mp=Cidnb29nbGUubWFwcy5wbGFjZXMudjEuUGxhY2VzLlNlYXJjaFRleHQQAhgEIAA,http://www.nankai.co.jp/traffic/kix/kix_station.html,places/ChIJpUWHUhO5AGAR2sQX8ZVHGMo/photos/Ab43m-uGsAok90MHC-ujlLD4AyTRQZeLOiObSrtg5COAoZJxEeoZQTEDXqNlEkI_bzVoFjh9x5CsZvUQBBfNy2S5Ib1384FlY4Bmzpx1QfXAG2Wnq2jjwLCUpolJt3qeyxHqJKqE-NP8g0ZQH-OzYA9k4jO2jywE4gNFsMYOynb7lQ5jMbGtb-CA8pwskAes0Nj0xk6RAmiSlPUcuEG96ruX_aMX-q17le1XMOumrvVQxZyPxOD4pJMAAfBftd53dx1-ndzm2isCF1oB9gpasDR3Icp1IQGXbAws3ujcePah4BlTo4xlpgEhsMW6lrPPicDW4UVuZCDRMy6nikEXH80Erqe3JTbZM3Egrgq_N-sgQ2kM3l6QPSdL1kCR-UzfRQHhushVI7-aemgv_eRFlg-5pOarrmTrUZooOIG1jm18yEOYjytjdUYu6t-cOG22nmg0,,
百貨,泉佐野漁協青空市場,泉佐野漁協青空市場,〒598-0051 大阪府泉佐野市新町２丁目５１８７−１０１,34.42041,135.315189,1.94,3.9,5306,,月曜日: 10時00分～17時00分 | 火曜日: 10時00分～17時00分 | 水曜日: 定休日 | 木曜日: 10時00分～17時00分 | 金曜日: 10時00分～17時00分 | 土曜日: 10時00分～17時00分 | 日曜日: 10時00分～17時00分,,,,https://maps.google.com/?cid=8250814018676566638&g_mp=Cidnb29nbGUubWFwcy5wbGFjZXMudjEuUGxhY2VzLlNlYXJjaFRleHQQAhgEIAA,http://www.aozora-ichiba.com/,places/ChIJ57twdwrIAGARbqoHo6LHgHI/photos/Ab43m-u2VHi5uBrOcNKtTZefH3HnkskImwbs0Wpo29HgHXRpuqXaFZwPmhRcSlFgrKBsecvp42d4Hhy5l-96wueoXv7hVeDxPCnxlj0UYAv-HYmcWXlT05KJE7YBT6EFVULRlGoOnRdYQGDR63VCR7bmM0gB5o3787HkXEhmgkCqLP0uiJYUEmooUkOw_0IvT6XsEtdbkNYUuAS2UCgpJ4IgulZalY8C8M_nZ-31eF6-BA6hMv-qiafamiqQPajTYQZXg0wGLiLtN5JCGqDn0wZqQGsBYuO1zl5cmsHE_MQAlByzpj6_QMZlXJltej0pHmCM9_BlobFAueySE09I1OiZHp1uApEApGzM65n5KU3YHYlpD7UbdMhVYMppe_IdqWe3M04Ka-atQjeXcaes--yuniL0N05vpSAoV60H8SITKA2ruA,,
百貨,いこらも〜る泉佐野,いこらも〜る泉佐野,〒598-0062 大阪府泉佐野市下瓦屋２丁目２−７７,34.4222069,135.32805729999998,3.13,3.8,2885,,月曜日: 9時30分～22時00分 | 火曜日: 9時30分～22時00分 | 水曜日: 9時30分～22時00分 | 木曜日: 9時30分～22時00分 | 金曜日: 9時30分～22時00分 | 土曜日: 9時30分～22時00分 | 日曜日: 9時30分～22時00分,,,,https://maps.google.com/?cid=16762429705901594963&g_mp=Cidnb29nbGUubWFwcy5wbGFjZXMudjEuUGxhY2VzLlNlYXJjaFRleHQQAhgEIAA,http://www.icora.jp/,places/ChIJDbzUBXrIAGARU1m4oAEdoOg/photos/Ab43m-tjjFCBsoTciRRV5NzQORbiwefP52qRyTM7GNPjLCYRZfSBrL5ELC0KKuQmrCy-Ikrkjhao0qeZrkQPMV21hgqfJgJMrjMZtrG7SGdH06Hh5mKP_8WhidbCYTxbUKEKMoAfFv2NvwxxFtLjlR2ixRSVFHr6AY40NYlyYnS4n6c9j2fe2sK-RpwnQxYuGBM0OAiLIObGMdx8oZPQeU2T2LvtrmOUCiBiMC6gWIrf-g2_AaydSiQD9dVVAsBMhFFmCjuM79IQMNfQDx3c-pTiBFUDStUo7FyXZJ_xvlLQYQQJqUJDkBwWPyQJli2IAVJCc8Jh9Bm5D7rVsVKanvSbitbutW0qelKnBMVMTBoR6hOQZDQJwk-KWSGNZoJ5MYsQ_dGMRpMK4cYBhoJYBel2SO3CbYMR-yPYYDuzlnhQl68ISe8N,,
百貨,岸和田カンカンベイサイドモール WEST,岸和田カンカンベイサイドモール WEST,〒596-0014 大阪府岸和田市港緑町３−１,34.467179699999996,135.3708282,9.06,3.5,2578,,月曜日: 10時00分～20時00分 | 火曜日: 10時00分～20時00分 | 水曜日: 10時00分～20時00分 | 木曜日: 10時00分～20時00分 | 金曜日: 10時00分～20時00分 | 土曜日: 10時00分～20時00分 | 日曜日: 10時00分～20時00分,,,,https://maps.google.com/?cid=17988098860705956621&g_mp=Cidnb29nbGUubWFwcy5wbGFjZXMudjEuUGxhY2VzLlNlYXJjaFRleHQQAhgEIAA,http://k-cancan.jp/,places/ChIJGRNabXTGAGARDcP82JuQovk/photos/Ab43m-ux2eOAKCAFb_4uUZiLq85zJhoXF1tS5o5xYCa71Sqt2irvxs0tkhEzTAOIZPS1p3_qioboRST7tNO1ssTi48Ji_obXECesIk2qvq5bbAkgX4TVnW4akrvgloznhTB_wVbg-QY--ERlnzVCPt6Kw2peG4GrJGUI7ZOyOwIsehVoJ3vmpo5OQBxkGvFABNOYDryjCXPedwE4-Vkwz1LdORUlf3yEjYK_f4oxI9tuaNul8gzBLppjpOzl9LI6BFCP7eIFBZiEsfpG3agD8ya_WV0FK653JB8SuoRiUs6RLochKfw-Omr0AFIirtCfZptOS8oMok3SMlIKssmRFDHw90yfiKhQFkGSvISpBka_kWM9aMAHD9FHTnesJ6OWrzvH70R7hW3X2aq2mPSlhco9GNUu4QPswyl53ft1OQyXA-tU8Q,,
百貨,Nike Unite Rinku,Nike Unite Rinku,〒598-8509 大阪府泉佐野市りんくう往来南4−１７ りんくう プレミアム･アウトレット 7700,34.4076881,135.2943755,0.78,3.9,1601,,月曜日: 10時00分～20時00分 | 火曜日: 10時00分～20時00分 | 水曜日: 10時00分～20時00分 | 木曜日: 10時00分～20時00分 | 金曜日: 10時00分～20時00分 | 土曜日: 10時00分～20時00分 | 日曜日: 10時00分～20時00分,,,,https://maps.google.com/?cid=7447549446027384437&g_mp=Cidnb29nbGUubWFwcy5wbGFjZXMudjEuUGxhY2VzLlNlYXJjaFRleHQQAhgEIAA,https://www.nike.com/jp/retail/s/nike-unite-rinku?cp=72178864724_seo_&y_source=1_MTUxMjAyNDktNzE1LWxvY2F0aW9uLndlYnNpdGU%3D,places/ChIJJ9Tyyv63AGARdZaeKcMCW2c/photos/Ab43m-tXy2NGZtA68DSsf-MQskkJX8NvEQY68Qh-zCtPIrmbA5x449H78JyE9yd3evWwQWY_Z6XvRCGYmbQWaR74BxbfguOCVYQ7uG-CkQiafsZr8n0dNQFtWvXEymWbPJYCEnLMAc0nBt8Gfs_YVbsXNVZiaxTPQ_1Kp9bCPokWfaENM5IHdzBMCoSGSYvAkz8vUHC9_vDKNobqWDSjIqauA0FDfMEaEkFD4nvCaQwWrp7chV-2ZIX2dW3A-ef5cJZ7D7w1FBwaAo7Iw_FRaB_2If7HMw1IbT3vPZxZ_FvX6hCuONM21L4KioFBa-z57-ovS7xVQ0eJyna1fEo73tzdXUcJ-fN6_s7yOpTm4xkbP7d8jbDDynshx5yUq6NfI5u5LCjYVqK4mfBQF9FTxLnolHAycK3uEaLO-K-FrCXu-utPaA,,
百貨,ドン・キホーテ 泉佐野店,ドン・キホーテ 泉佐野店,〒598-0062 大阪府泉佐野市下瓦屋２丁目２−７７,34.4227227,135.3280409,3.14,3.6,1134,,月曜日: 9時30分～22時00分 | 火曜日: 9時30分～22時00分 | 水曜日: 9時30分～22時00分 | 木曜日: 9時30分～22時00分 | 金曜日: 9時30分～22時00分 | 土曜日: 9時30分～22時00分 | 日曜日: 9時30分～22時00分,,,,https://maps.google.com/?cid=12319538411078746219&g_mp=Cidnb29nbGUubWFwcy5wbGFjZXMudjEuUGxhY2VzLlNlYXJjaFRleHQQAhgEIAA,https://www.donki.com/store/shop_detail.php?shop_id=164,places/ChIJx-VXWnfIAGARawAhxenK96o/photos/Ab43m-txQbrD2PIwMjMfOe0lGieqV0vOLPbUcElk3eiYLeg1YdO8knQc0P7TcRPstaaibFuYfFEmywJlLTl2up0js1DyGGOGsHlEZNU8E_Clrig8EC1Fe9pSzJ9fP4JxfuCfKvYwXLWd_klZeRAjFsMmZdc05T7UfK9eHbVD9c65nYDhhSyNqb7gNsK9yAl5NLTwEenHJUu72PfPvNJio0NOI7cxeIgpcqsvTA7zG5XefSU_1cDf04v5uLaO04h2orNZoq4gOjB-b1uh5Us0Vwwfgybgg33Uo3j-z6PxkQbowxFt2tXnDKil_x7D6uti9mkOL4v4-HGZxjLspHWYYIBr1LMr9_278FHjEqCHszXARUeg0a_FXS_VBDGpiA4jO25rHze-hoD1K7414R8J8I5W4tvCyMFBIk7OVTQvH_ac6oU,,
百貨,大観覧車 りんくうの星,大観覧車 りんくうの星,〒598-0047 大阪府泉佐野市りんくう往来南3番地,34.4087234,135.2967281,0.68,4.2,1090,,月曜日: 10時00分～21時00分 | 火曜日: 10時00分～21時00分 | 水曜日: 10時00分～21時00分 | 木曜日: 10時00分～21時00分 | 金曜日: 10時00分～21時00分 | 土曜日: 10時00分～21時00分 | 日曜日: 10時00分～21時00分,,,,https://maps.google.com/?cid=1066660932756055161&g_mp=Cidnb29nbGUubWFwcy5wbGFjZXMudjEuUGxhY2VzLlNlYXJjaFRleHQQAhgEIAA,https://www.seacle.jp/floor/shop/15.html,places/ChIJY31T8_63AGAReSS2iHeKzQ4/photos/Ab43m-s3rcG6RAQtuKZAfQhMGk0AaHnrrN27d4YYdr8k_qZ9vCgLi5_LL0h5gcOjfSch018eFWgCSerfFL1wxFDcHsZXuD6bFgVBNacOTD1K_mDAVwwj6uOEAJid1i2_l0GY6dBjAMXL2dqUcn4qJSGhbRBvnxfH0sX3BozbdakrviljE2KvlC686eFMDIQZAnFrPYy89Vpye6o-3vXItItqQ1W6YplH7p6M2JyE7mr-tJf0o7vUBqvfiOD4ixaTHNwmFQnjz0ZUCzNafx4KngECEmYOnz-zyYDvp5F6rlgazgGrGNn3erWZoRgMMsVNjuZOJ6X5GdLyY0T3TBMkBLy_OzIi4EK2CIeVCUw87jSlujTjuHM8iaDVBVhWlL_-BuiWqAJhEmd39UfScWLqejKVkfjuPL_32_VUCmvYrCo2uOXEZdRJexhsBeLkKTAx48ps,,
百貨,泉佐野センターホテル,泉佐野センターホテル,〒598-0012 大阪府泉佐野市高松東１丁目１０−３７,34.4087636,135.31751100000002,2.15,4.1,850,,,,,,https://maps.google.com/?cid=8975987387208864293&g_mp=Cidnb29nbGUubWFwcy5wbGFjZXMudjEuUGxhY2VzLlNlYXJjaFRleHQQAhgEIAA,http://izumisano-centerhotel.com/,places/ChIJVVUFUxPIAGARJZL4yvgckXw/photos/Ab43m-tboSuyYjMo95cctycfPVaZjyrgQrHVUWh5wIBcvg6VOKzSx5DLCwypvErlhr4kzqVS1HH76cGzNy013jZYn7FUpn-198q8x3tgwl9faWXECC5POISPy3I6-Kdpv7pxKqmdwuoY9pm89K7yNmel4BP-XexJdk4Mu_9rOzx6FYUYcRHBufEr4RAy4GY_1yJZqbuAIzxXxlQ6qMoCzago2gZ4QEsqfr1Fd-SRsIfSNUZJLr76GfZUbekh9Z0Qjhm6PmXFub6fOaD7mMTYhShjdPu5pfxulZtpCo5x9j68SeFOzveFyUPqU0e69nZFfvljQO35b1QNhzUIefJQE1wFcj9hgWecCiVpTx0gf34MCbcLg-F4q_h7HvKwTdqAZi5OpoGX03bKcIv7KgmFZ4PwDh2fPAYP-Pa7gdwNTov_g8IG4pU8,,
百貨,コープいこらも～る泉佐野店,コープいこらも～る泉佐野店,〒598-0062 大阪府泉佐野市下瓦屋２丁目２−７７,34.4218225,135.32710269999998,3.03,3.8,768,,月曜日: 9時30分～22時00分 | 火曜日: 9時30分～22時00分 | 水曜日: 9時30分～22時00分 | 木曜日: 9時30分～22時00分 | 金曜日: 9時30分～22時00分 | 土曜日: 9時30分～22時00分 | 日曜日: 9時30分～22時00分,,,,https://maps.google.com/?cid=16702917232901405780&g_mp=Cidnb29nbGUubWFwcy5wbGFjZXMudjEuUGxhY2VzLlNlYXJjaFRleHQQAhgEIAA,https://www.izumi.coop/shopping/shop/shoplist/shop-detail/ikoramall.html?utm_source=gbp&utm_medium=maps&utm_campaign=ikoramall,places/ChIJz7LvBnrIAGARVLzWO7quzOc/photos/Ab43m-t0cQDxblZDWB_5qbId2cbvL7VWiNIt4PUKYPtSGryb4yZ9OIIVy1lol-beDaMNJtmaYgEJSenNP7WyQaCE5L_8Rudj-HSKNP7AcSiSUKX4TvVZW5BN1a5c84UEgkjAvNsTlH-DTriYIUnkdljNxPX1mnCh5JdZxt1vkCfNO32t0hb8bMwhKdgPNAqKdFCsHqggplzXCcoUmE-2_MUqPrb1wKllAZX9dCevYINCs5njeSQ-PrZpnvmJdOsLuNecPR644KfoGH_j_pg76b25NxvqjixSHYnoqg4AuLpW53SMCXtglf7aEPSF03rdJHZuWhqzGe3j9aSCoRwFo_v1RRq48IjbJLxGjXgpzgg3NMTNKW3qMJJIdnH3lrF5J3gnaj2ZcEmoRCFKZ0JDyIsL2X_zh25Civs_Gujg9qw6zVhUoRN3e-KQz4sW5J9GXRMt,,
百貨,産直市場よってって泉佐野店,産直市場よってって泉佐野店,〒598-0003 大阪府泉佐野市俵屋３４５,34.400424699999995,135.32504079999998,3.16,3.8,587,,月曜日: 9時00分～19時00分 | 火曜日: 9時00分～19時00分 | 水曜日: 9時00分～19時00分 | 木曜日: 9時00分～19時00分 | 金曜日: 9時00分～19時00分 | 土曜日: 9時00分～19時00分 | 日曜日: 9時00分～19時00分,,,,https://maps.google.com/?cid=7207647394245196456&g_mp=Cidnb29nbGUubWFwcy5wbGFjZXMudjEuUGxhY2VzLlNlYXJjaFRleHQQAhgEIAA,https://www.yottette.jp/izumisano/,places/ChIJw23Hq0XIAGARqDpBCB61BmQ/photos/Ab43m-sWtVcJGlskILaeiNFy3vRBDdpHRPc3Li_BRuVX5ZdJmse_6jiQ1TEG5W0TiGJnaSmoNAR2-XzWY9-xmBA9Uo897NJVKgHcKx3FeMoEcXOLvNXrK3wYTl1lQiTvJHJO0Bah9_6V0aRZ-7KMPeV7xwKFmeEaSYjgIMHGeObkIJXVYukLxbBL1ZNxwc8AtM7yK6FdGeTJoeObkDg66PtLJclhysmBKLvTMGzkRTuSsBzBCGv4b7nYWCpg6tDWJS_a2HE5mVzv29SBea6ReshpdvrJBkYQjAQ2HY9hV5EMNhYGz7I1O_zxCgMChLUzNTLK8tpevy3en0we8sf3UdKV3-2BrF3FsLnxuFQq-w3mhdqD93OHIo5UgwFEkO8HRqz6qxEUIr2ozzz9iydgG-YGnG71hfKkbLnm3uymOERPT-puFYTj,,
百貨,ダイエー 泉佐野店,ダイエー 泉佐野店,〒598-0063 大阪府泉佐野市湊２丁目２−１６１６−２,34.4179521,135.3231653,2.59,3.6,557,,月曜日: 10時00分～20時00分 | 火曜日: 10時00分～20時00分 | 水曜日: 10時00分～20時00分 | 木曜日: 10時00分～20時00分 | 金曜日: 10時00分～20時00分 | 土曜日: 10時00分～20時00分 | 日曜日: 9時30分～20時00分,,,,https://maps.google.com/?cid=17433019725386165619&g_mp=Cidnb29nbGUubWFwcy5wbGFjZXMudjEuUGxhY2VzLlNlYXJjaFRleHQQAhgEIAA,https://www.daiei.co.jp/stores/d0868/,places/ChIJwbzse3HIAGARcy0FfhOH7vE/photos/Ab43m-ut53SXLdZxxS_sxQXv3ULm4NzHf3WrxwIv1uaMK6xifPQZFs4ylVLVg5uuB5RZzmwiGa3SQJxXp3-sRYcue4H14luxCKwmppNTgvmqQplQh_iqg_a2U1oEVZ0MvoUZBFaLkydJeY_y8lgDG9CZ3HjVVlDxUwdUZfIqS6tfrglcuy1PXbPzRFTAFqjSQMG-ssuOS9ONmtNy5m93XrG3GOxLWhjqMFjrA8eoyt9eTzObLQr0epm_4YhjECycu1U2gSJvOlSxSQnW3kNmX-A9lRqGI-rTbArwqOCBN1xab3wslQ,,
百貨,オークワ 泉佐野松風台店,オークワ 泉佐野松風台店,〒598-0008 大阪府泉佐野市松風台１丁目１１３８−１,34.39992240000001,135.3324896,3.8,3.6,510,,月曜日: 9時00分～23時00分 | 火曜日: 9時00分～23時00分 | 水曜日: 9時00分～23時00分 | 木曜日: 9時00分～23時00分 | 金曜日: 9時00分～23時00分 | 土曜日: 9時00分～23時00分 | 日曜日: 9時00分～23時00分,,,,https://maps.google.com/?cid=3870666703318544717&g_mp=Cidnb29nbGUubWFwcy5wbGFjZXMudjEuUGxhY2VzLlNlYXJjaFRleHQQAhgEIAA,https://www.okuwa.net/store/osaka/346.html,places/ChIJWd2BKVfIAGARTfE759tetzU/photos/Ab43m-s6-OyFkdBxQb8yvFWV21ZFmTqiBvt79VwjTx7rA1v6ll_q0hHyKVZXAWGDxIspau2PwvOklF8NHPzQhC_OnXDuDPMtvbCG8r7hDQzeqMbceuWyWMT7TWse9cf00kmB0vE5IewRoZ9Ogu3nthdL6Oim545e2O5I4Q2S-3aqmrerZI1T6c0-NxhsH4OczL-NJ13ULZJddBVUMz4Z6Nj1v-WSmlKYAHIee8fyYg9PAetxOvyCGR1z24ll2TGQbTCZ0uVNMQPa1G7izX0t6g-4qKN0Fm3ZOJFnJmf9PTfp8bWA3pLZa3VyIjypjHphrK0-DCkBmTI4h2xPxaxav0e0jy7wkvRbojWH8hSo5620fIm5ge--0OXxeXiE1sKTKO52vYoZymnhzwDrPOf5G3wzVkxLU9iS0YkMqhZ6gCoKSdjcvmfx,,
超市,イオンりんくう泉南店,イオンりんくう泉南店,〒590-0535 大阪府泉南市りんくう南浜3−１２,34.381986,135.2691298,4.35,3.9,2194,,月曜日: 8時00分～23時00分 | 火曜日: 8時00分～23時00分 | 水曜日: 8時00分～23時00分 | 木曜日: 8時00分～23時00分 | 金曜日: 8時00分～23時00分 | 土曜日: 8時00分～23時00分 | 日曜日: 8時00分～23時00分,,,,https://maps.google.com/?cid=6712760158405877662&g_mp=Cidnb29nbGUubWFwcy5wbGFjZXMudjEuUGxhY2VzLlNlYXJjaFRleHQQAhgEIAA,https://www.aeon.com/store/%E3%82%A4%E3%82%AA%E3%83%B3/%E3%82%A4%E3%82%AA%E3%83%B3%E3%82%8A%E3%82%93%E3%81%8F%E3%81%86%E6%B3%89%E5%8D%97%E5%BA%97,places/ChIJfRxWm5i3AGARnl8tYMyDKF0/photos/Ab43m-vkog4csywrnt7wQ3n-t2qUI_ABwFl7DVjDy1Du-umgJydIre0oDosV8--WPkdj71PbrK0i7nRX_-xMk64cmadHZfOyxszcywf6Izof-UeMcr6r1HxUbiDm15BWu2wKS_ZXgfVNvvShrTY6L4uavIcaPiAkmarJSXxBG3bTEzOmfoE2w5nMtNPCbpm48etlQmYVa6xpJ3UqNhTC3UKd4r0gRldV56eH0lqqwG2dGffizDImtutjuo4V5mgTi8Ye4CfhXuXWJxbjq0PZlyAVkHyg3dH_HfE5aFu5SDi0thd6w3fg78Zvjn1FEBXrC_Swfqg0kEOaqDOoyoTw9rl2rlOHz0OyEe8UhO7arUzYfgYq2mrC0iF8u8LN-46Kyi_aGs88PL4kXwYiRT9bVrW9Jfu0XF44y2SrxCTKL8oONNw,,
超市,アローズ 泉佐野店,アローズ 泉佐野店,〒598-0033 大阪府泉佐野市南中安松１６６６,34.398212,135.312694,2.44,3.8,923,,月曜日: 9時00分～19時00分 | 火曜日: 9時00分～19時00分 | 水曜日: 9時00分～19時00分 | 木曜日: 9時00分～19時00分 | 金曜日: 9時00分～19時00分 | 土曜日: 9時00分～19時00分 | 日曜日: 9時00分～19時00分,,,,https://maps.google.com/?cid=2131022656428663744&g_mp=Cidnb29nbGUubWFwcy5wbGFjZXMudjEuUGxhY2VzLlNlYXJjaFRleHQQAhgEIAA,http://www.arrowss.co.jp/,places/ChIJRx6jFTzIAGARwGO9vNDpkh0/photos/Ab43m-tK5hQfWSTMhnmf6uzSR4x9wQphtXwPUxwMWpqBRfyhJwaIcN44LIDIi_Im3H4ultaHx98MJU3BlZ_HrFcbM22qhIT2cjcx158qHHHgyfHBmu-twBYcDHYlHnrHwwgTE5rQZeJUzWfMw_F2Io5AhI5cgrDeRfSMjys9x9V0MDwnDic0nmRIVGDbqA5csWogjmsNvNhwaxe_-X94Kj4t8YJvmhpTyieAgJuaB7Zzr9R17St6UMfzkbS3zkjCTKToH65udqR2znTf_wB-7dwYmRVx1LGsmVPOqp7a23uvsavEuFbzeMprhwkUjJSgw1vTCKSBr69_hjrrdk3Vn4bcypiyz_QNcnaWe2rlYdesUE9zE5OUY7n_EaBTz_DB1z51f7wd9vWO1h00DNqlC50CGX82DaRDOXr2I95vWcbvrukgpC1H,,
超市,マックスバリュ 羽倉崎店,マックスバリュ 羽倉崎店,〒598-0091 大阪府泉南郡田尻町嘉祥寺３３８８−５,34.399361999999996,135.296034,1.71,3.6,630,,月曜日: 24 時間営業 | 火曜日: 24 時間営業 | 水曜日: 24 時間営業 | 木曜日: 24 時間営業 | 金曜日: 24 時間営業 | 土曜日: 24 時間営業 | 日曜日: 24 時間営業,,,,https://maps.google.com/?cid=14535645456237079084&g_mp=Cidnb29nbGUubWFwcy5wbGFjZXMudjEuUGxhY2VzLlNlYXJjaFRleHQQAhgEIAA,https://www.kohyo.co.jp/stores/mv_hagurazaki/,places/ChIJKXeGlOO3AGARLCoIgIf8uMk/photos/Ab43m-v8gNVsxzTPGuEvPX4dc4jQ_Y1FIAIT5XGM95eJ-2CBIJxt6c5cxMutifHz0KRiVMHrBoo8uD46owfUKistLgh2ojSS9xcLAC3gLm-1oqrpFi3lvKKRlnhR6na-IsB2yUViRQz0qzc06jvFLcE5cmbIPcm5zWc4GF7DH3Xby6quqtG4MnnUvc2ixKbmEsOzXmwntP0Ykj0cl1_xeInJup52HXIK6MmRFm0sGmeK_qtGfH80audzsF4oFBKcFwP8FZ4zVgYxgXgKkPOLU1oYesVv0AqTfzBl4sbrBMdYrPpPMZl0X6GpdmelGUqDfhIXLykpTBKtxOYM1JrQpYwzuXkgUX6X98eCGaPj4qVNzBOsl13IPW8bhQLXCLVuKeZqVy40z1ezuUDee6A6wVJuKba8pXRJYZqS2tTyW_cgGL1zd2Cc,,
超市,コープ泉佐野店,コープ泉佐野店,〒598-0006 大阪府泉佐野市市場西３丁目２−４５,34.4079013,135.32128509999998,2.51,3.9,449,,月曜日: 9時00分～22時00分 | 火曜日: 9時00分～22時00分 | 水曜日: 9時00分～22時00分 | 木曜日: 9時00分～22時00分 | 金曜日: 9時00分～22時00分 | 土曜日: 9時00分～22時00分 | 日曜日: 9時00分～22時00分,,,,https://maps.google.com/?cid=1486656801768093673&g_mp=Cidnb29nbGUubWFwcy5wbGFjZXMudjEuUGxhY2VzLlNlYXJjaFRleHQQAhgEIAA,https://www.izumi.coop/shopping/shop/shoplist/shop-detail/izumisano.html?utm_source=gbp&utm_medium=maps&utm_campaign=izumisano,places/ChIJn_0Ds2vIAGAR6TdODHyqoRQ/photos/Ab43m-uwgLLm_TShlLuUz37H2Ojw41LXDMO1CsM2cKWeE_etsiFOPhQXErIiOMaITuTFCVGivoZTgvZW4mSpudgiDofFFTNkl6QUoURGdnRRXjGimj9tdcfQfSPDA0AmKruhD0f1xrLyit7dQY4dpBqOYmx-aemX_n4aHMJc4YM2_UFLkvd3TNNexYgTOlQYIzkF6_ng5h6sdIKqGY6Ib6VTfJxAc86h-wQIvoT7E8iP9pInCa3lxY38z4uyXQdu-DudgjRsb4afma_zUigFmfddcaRfgUmj7f65-d6GBchxt3UTzA,,
超市,業務スーパー 泉佐野中庄店,業務スーパー 泉佐野中庄店,〒598-0002 大阪府泉佐野市中庄１４２９−１,34.4101697,135.328698,3.11,3.7,397,,月曜日: 9時00分～21時00分 | 火曜日: 9時00分～21時00分 | 水曜日: 9時00分～21時00分 | 木曜日: 9時00分～21時00分 | 金曜日: 9時00分～21時00分 | 土曜日: 9時00分～21時00分 | 日曜日: 9時00分～21時00分,,,,https://maps.google.com/?cid=7799352545632292324&g_mp=Cidnb29nbGUubWFwcy5wbGFjZXMudjEuUGxhY2VzLlNlYXJjaFRleHQQAhgEIAA,https://www.gyomusuper.jp/shop/detail.php?sh_id=1327,places/ChIJF2ISwGfIAGAR5I1zSNHdPGw/photos/Ab43m-s95nQp9DbMlSvk02TqeaN9ASoAKlTsBLHKOC2Dc_UxAoM3L-V1F6PbZa8pYCgNCdXYtHikQEz8qZFCTbdwYLGwDZpdjXCeix-fkOziut_lpHWmfhdU69BOouByiMg1hDqUAUffGrdnnoYLBy3ZNmQrx8q9AI3rsS1ixCSoNnMCOaQPE5Y-8jaceJ09H6OHBOHg38b7Wm1GeRBYABZVm-grDAY3poe8T5QEkgESR-fjo-XL1UW2XZAgycAECxIxJh556bFYqmzG0p5u-EvahyQB8OFXWAkzOyAlTnWU1nywGfQZTwoHlYmj-GM-aoG7gnPewrb_fQ7GSPTYeKjB-5dUi3FGjCe9YULBxhjE2ur-Bp9JW6VVaNpT-IiG3Zl6DfGnSg6wbtjK0iVhzHTDDKk0pYfiVfpBqx99JQAuZgf33w,,
超市,業務スーパー 泉佐野店,業務スーパー 泉佐野店,〒598-0045 大阪府泉佐野市松原１丁目５−１９,34.4054393,135.3056889,1.41,3.6,368,,月曜日: 9時00分～20時00分 | 火曜日: 9時00分～20時00分 | 水曜日: 9時00分～20時00分 | 木曜日: 9時00分～20時00分 | 金曜日: 9時00分～20時00分 | 土曜日: 9時00分～20時00分 | 日曜日: 9時00分～20時00分,,,,https://maps.google.com/?cid=15765523291808907391&g_mp=Cidnb29nbGUubWFwcy5wbGFjZXMudjEuUGxhY2VzLlNlYXJjaFRleHQQAhgEIAA,https://www.gyomusuper.jp/shop/detail.php?sh_id=1382,places/ChIJG_f8DhvIAGARf8Bqkudjyto/photos/Ab43m-vIeeYvRERk9ns_sljlpOQ2m3P-sQf1289bAOD3b0E-f3_76c1aDhMucOz64v8tsbF2-WXFhfUEfTi6uCqqosqwVpt0rvXxjKn89qC699SMGighR2UR1D_TxSjTxJZrp_gk1WubWe6JTBsgjCDmHCTlKrgaI-1QrLWCzBIr_MnBAlnVoF079dDEUcKLwcOG8nyvev7QrEENMk0WsudoebCIChfObSof_Zj0wfESMQPKJsBO5CwDSYrGz7uPjTlafpHOuADm19L39sRJNmWU0sC9amRDCldIThXAYY7YyZi5KNyjMT8bvqyV4pJ8Jlh3bOKqg1J0d5itcASN0MaZ4QsGLO1yIbOpo01YAJFoWV9AqBL2BPkUDLkjDRq5BLGjIjo6ZFXLF7SZ8H4dWZvmi3MHIhqgAu2mvAPurW90N7mrVL9j,,
超市,マツゲン 泉佐野店,マツゲン 泉佐野店,〒598-0071 大阪府泉佐野市鶴原８３３,34.415630500000006,135.3462671,4.69,3.6,345,,月曜日: 9時00分～21時00分 | 火曜日: 9時00分～21時00分 | 水曜日: 9時00分～21時00分 | 木曜日: 9時00分～21時00分 | 金曜日: 9時00分～21時00分 | 土曜日: 9時00分～21時00分 | 日曜日: 9時00分～21時00分,,,,https://maps.google.com/?cid=4736302993461239542&g_mp=Cidnb29nbGUubWFwcy5wbGFjZXMudjEuUGxhY2VzLlNlYXJjaFRleHQQAhgEIAA,https://matugen.co.jp/store/store42/,places/ChIJ__9xrhHJAGAR9l7ggXq6ukE/photos/Ab43m-vT5hfr-aPls0idYxL9hn4nZC5pn5PtLckObajM3o7dqEfEokyIHUZkxcuramdE82m6_xgv5Yg5462X3i2_blVl3lsslol34wUwUhmPTihpAAOsWLwjzTowSXMWZZ71pcCV2mVlySa1i4-V1LnMIfUH-bzJ1TXT2q4v8lVqmTy9_F2plrsRDgFTX0NwltvyhxeW744hpwgtbvrQBhpK4mGTTkFN7It4nuMlAqmXW4PqR4fSBFuEC7gcmUE5te_u0CaliGmamHUL72totrA7YDSb5_owmp9PwWEVvpC3C98-qrXHVWmVew4a9VZsj8StkVSGFCcRiiLIC1kUNwBi1c3y6p26p1bTd4sKV14Y92_ExrTqDr99-_ByQ2CgwGMcoQkRWhVdlXkSgMBF5HS7Glb6_vNMbQ4cEb7N9neWAPU1zQ,,
超市,スーパーホテル関空・熊取駅前,スーパーホテル関空・熊取駅前,〒590-0403 大阪府泉南郡熊取町大久保中１丁目１３−６,34.406879700000005,135.3427101,4.44,4.3,337,,,,,,https://maps.google.com/?cid=7168183328336448440&g_mp=Cidnb29nbGUubWFwcy5wbGFjZXMudjEuUGxhY2VzLlNlYXJjaFRleHQQAhgEIAA,https://www.superhotel.co.jp/s_hotels/kumatori/,places/ChIJi3mWrDnJAGARuAtfKsKAemM/photos/Ab43m-uPkKAs35zqHU6p54uZlF4z64HTmRNJAjGRD9a3KqRsdFrFK1oWDiTla6iPZ-o4W7Ow8TQbhCOv93vV0tfDgiLupcqt30OP36ph8vKafLTf8kmCFS5trl5qSOGjwZFn2Mvl1XIgCBV2NG96n4cI_Ol3yK0AvA7l4gsDluo50XB5EY9j6CMftRv3d-nc8xSP8Ypff2mAjTY1NFdc7fhAR9S4Q02MVn-Hbjeif3WbuKhAkWBfgs9N6c-f-tnxzavfi0q7Li82YIlEybsRsBgiH9-hf2Hp2maHial26pHqg7GqVHDqJfJFhrsOXfOvhAZB8E-21EQEZ-CbAPwdF-0TyhSXrNcHy7qFGjLkDUO9iuucN4KScCV_jTE13sMGnf_6st2gEkyBSqwA-wnRDKjnu3j7sUN1k3CVEBOp8TZL8R0NdQ,,
超市,万代 泉佐野貝田店,万代 泉佐野貝田店,〒598-0076 大阪府泉佐野市市貝田町４丁目５−４５,34.4211956,135.3455711,4.68,3.6,296,,月曜日: 9時00分～22時00分 | 火曜日: 9時00分～22時00分 | 水曜日: 9時00分～22時00分 | 木曜日: 9時00分～22時00分 | 金曜日: 9時00分～22時00分 | 土曜日: 9時00分～22時00分 | 日曜日: 9時00分～22時00分,,,,https://maps.google.com/?cid=17188089881042278717&g_mp=Cidnb29nbGUubWFwcy5wbGFjZXMudjEuUGxhY2VzLlNlYXJjaFRleHQQAhgEIAA,http://www.mandai-net.co.jp/shopsearch/index.rb?area_pref=0206&area_city=272132,places/ChIJL-t_4o3IAGARPdkCL65ciO4/photos/Ab43m-uDOAm9vVWqikn5OucTYEPQ5WoH2Dbq11R2a6Xg5piHcX96lkdUi8OPr7Q0DjEiyvesfwMqi0LuJkdsCrSaHWYd7qDGPd-3ttWdwEK40MysbyhwfSUB6AloTJg3Iy2372fe4qVcdCtY5YSWCNMbf-xOaUttMVj1BcIpm2eRUGNqu9jjFRnwCz708zg2fMaQexu3ex7BtAUPGSaUTrBWPukFPuFolTb4ye0fVaIjFJmeeMLF4ClFRzwHl6egTA77GfHjdTjdB7Yli0kh3VsmAfReCtqQnZOBuSeu3V0PIz8ZYzHhDyfNvdtyJK24_B5gKqqzlTvjmwCTA7sGpuYDmvCZWZgPbAxwc257lUy78INTNPP9e76SeSVWJYIUREQsGc78Xc1s3RyKuErFDEMPMZNPJ9FDcH7AHS1_-s4_66zcT6bs,,
超市,サンディ りんくうシークル店,サンディ りんくうシークル店,〒598-0047 大阪府泉佐野市りんくう往来南３,34.4095057,135.297788,0.62,3.7,276,,月曜日: 10時00分～20時00分 | 火曜日: 10時00分～20時00分 | 水曜日: 10時00分～20時00分 | 木曜日: 10時00分～20時00分 | 金曜日: 10時00分～20時00分 | 土曜日: 10時00分～20時00分 | 日曜日: 10時00分～20時00分,,,,https://maps.google.com/?cid=15479434983794928613&g_mp=Cidnb29nbGUubWFwcy5wbGFjZXMudjEuUGxhY2VzLlNlYXJjaFRleHQQAhgEIAA,http://www.sundi.co.jp/shop/details-rinkuu.html,places/ChIJS4CCQv63AGAR5evZrBoA0tY/photos/Ab43m-ttGjipV6otzTR5svj0Fzz4SLe6tjrKu5ktSRE94c2XVTEAf94qzHQoZAN9Y-_sd4R6Q-djtAKEw1f7gTnrSCWSbpWPnc4PSr1ZnDOUPthudCDC57_e4k__1CwqifGv8ig4T3wCXSFAyIRR9gAbCWgbd7DUpRCjeJwi9x744gRqefM9dSbI2v6pQy6l2FgPf6QXMr0f5hj2bDoyoaMki6pwf-pq597SiwavTgr93kDlivVWvmJgLWcldIZWqwulP0oijIVXO_vzag4Esqjouktv6tdmxWQF1FPXClLxDkclHBs7nUPk5CIoXh2cWsIbsIK8UFyjeNlGgUSIIW8_XV7ZVJsm2c9x2vDGkfK1cZxwtrHuaC3_KrgIQ6Bfls1XFOANg894Be5Au8UqrlfgvKC07Rez5Q99aM8Lop5QVMm5y3Q,,
扭蛋,ファーストキャビン関西空港,ファーストキャビン関西空港,〒549-0001 大阪府泉佐野市泉州空港北１,34.4371558,135.24353639999998,5.36,4,348,,,,,,https://maps.google.com/?cid=8113975825639198295&g_mp=Cidnb29nbGUubWFwcy5wbGFjZXMudjEuUGxhY2VzLlNlYXJjaFRleHQQAhgEIAA,https://first-cabin.jp/hotels/9?utm_source=google&utm_medium=map,places/ChIJHYgQqDC5AGARV85UEwaimnA/photos/Ab43m-v2aA3NAS22Nu812CfMN_ksyn1yZaIvcOCvSCSxeWwk7a0HmJyyckDsDSl06Jn6Kl7Tx0qk1ZVmCKeQXM2YsXfgutY4Ha-ZYr_ZWHNhzfbPdxQSUUnxYeCwhv8CYjz6N1Vqh41uTEJbROoUu6BEyi6DaOOq1dyo11okZFwofXKeS55K6S3IlFe9lWcwUrROsbPF9nmnUjmoAs18RGf2YVX07qOP_S9XLw1dca8mqpDiMPzm8zymO1J0G37_8nePSNbuQznQsj2sM6QUzyuodq5XP4M6hnY7HqnmudTvuy_jju3LaWVL2F-nxK5oD3OZzKy8Qq2xS_dYSvlMq2EMhCsLRS3aof2mszStr9yl8iITdx3P7C-bTiyktkrMAj9qzisJi8JC0Q0Hjr3P0wjaM8NbUhQOKFjmrdoys4hAhIDuHQ,,
扭蛋,関西国際空港 第1駐車場,関西国際空港 第1駐車場,〒549-0011 大阪府泉南郡田尻町泉州空港中,34.434825,135.24159029999998,5.4,3.9,135,,月曜日: 24 時間営業 | 火曜日: 24 時間営業 | 水曜日: 24 時間営業 | 木曜日: 24 時間営業 | 金曜日: 24 時間営業 | 土曜日: 24 時間営業 | 日曜日: 24 時間営業,,,,https://maps.google.com/?cid=11217149045609911072&g_mp=Cidnb29nbGUubWFwcy5wbGFjZXMudjEuUGxhY2VzLlNlYXJjaFRleHQQAhgEIAA,https://www.kansai-airport.or.jp/access/parking/reservation,places/ChIJ4RHJBmm5AGARINMwQKBRq5s/photos/Ab43m-sTCVOYuzumP7WodTP7HKmIT-X8h5mj0ssajs5-L18Z1T9H8qQlXg6-WHIGdQEGaQpDO0dJepU5p7izqIFM4xAZMyHEZ-AcLkhS4YMhwFfDlE0MxpJKACTlNZrSAXfkgayuQ3ncx508RgOMekHt4ZOKD9qiLoARLrd6tyd4CLZSuzic-y-DmieidaLPkg8BbwQZoL0n-EgXHgO3gj4rj5xxILjrYXEG4fjjjvNhzO3KGgKRw4BnjuYCztegsQTfP2NJl8qVh5iO_RcLmaGFUDasHVe1hwcfLtLCZr1Cpai5mct55gTRgsL2it55YrqjP23iGhMVUAZTY3Fiakl8-QiJNfyCBK0rWZNPlBIXEM63f6uSLrke3iA07vcYzTeJJYGO8M3aJXdmImAH0UfgOkGqLqyXeGCzuGnJu-pQaEf5WvJ4ZIMaq5JFC8H92-Zi,,
扭蛋,KIX-ITMカードカウンター,KIX-ITMカードカウンター,〒549-0001 大阪府泉南郡田尻町泉州空港中２ 階,34.4311419,135.23329289999998,5.97,3.5,85,,月曜日: 9時00分～17時00分 | 火曜日: 9時00分～17時00分 | 水曜日: 9時00分～17時00分 | 木曜日: 9時00分～17時00分 | 金曜日: 9時00分～17時00分 | 土曜日: 9時00分～17時00分 | 日曜日: 9時00分～17時00分,,,,https://maps.google.com/?cid=7130192105664113894&g_mp=Cidnb29nbGUubWFwcy5wbGFjZXMudjEuUGxhY2VzLlNlYXJjaFRleHQQAhgEIAA,https://www.kansai-airport.or.jp/kc/,places/ChIJebuwIhO5AGAR5mxnVvGH82I/photos/Ab43m-ts3UbWtweGGhUJ-rUlXY9arXE2P_wBlhG3Xi14LumTu7V61EGPWhglvisXQEDoHMs9f8K4XU3koEYIQjytipxpSzd29SwW-X6H8eiN03qN9CgDu3X7Ve5R8EC4ktORNU9NIvvCsDHvkq9tzZOY0g7sRy8iWX4yPU9Drnax-kB6LrChiRXF2UWIpV8YM7y35MCc4gXANaB3WgUfC2GfWOGChwecdizNI83ZZdhAajkgIl7t96O0T6m59wTwxsGtlsXPK0iL_ISSI7a9LuKHWTfinOdud9w0s5LP9mjdQJMKltE1eYhOH08hpKbtGFp2gKMauAj-zX5Xcla6-CzSp-3dagKOilV0aLI7zWjgzajsDI6kwHWZXX_2POjkrQUF_1xwzIjDTQobzhfBy6NztKaebvex5D0JB8onGmmmjS7OvTCN,,
扭蛋,関西旅日記 T2国内線ゲート店,関西旅日記 T2国内線ゲート店,〒549-0011 大阪府泉南郡田尻町泉州空港中１３,34.437309899999995,135.23134059999998,6.37,3.7,31,,月曜日: 5時30分～19時10分 | 火曜日: 5時30分～19時10分 | 水曜日: 5時30分～19時10分 | 木曜日: 5時30分～19時10分 | 金曜日: 5時30分～19時10分 | 土曜日: 5時30分～19時10分 | 日曜日: 5時30分～19時10分,,,,https://maps.google.com/?cid=4668545654602240251&g_mp=Cidnb29nbGUubWFwcy5wbGFjZXMudjEuUGxhY2VzLlNlYXJjaFRleHQQAhgEIAA,https://bit.ly/3NvbsoQ,places/ChIJJbs3Sly5AGAR-5BCsIkBykA/photos/Ab43m-uqEU1jvbPbvhLotD80KYdkemXjufAL5IKyzL4IPdwikw1SfNjE4y5Vo1lrD3dFE6PfL94Wpbr6B_tO3gofWnKdXdUMOOOBNJydUSRspR_LTMENcFhBi72ma_MlnhfVmiQA0LVrU6pCUMZs_4FqeATow02zn55PGDbyoYLBgzZIOHTF5BAAMXWeZ9ucn1VRIYg4RF-mVUojt0E7IZCKZ5gAO8GSaywfvHUmmWgWvBtpZNC-_-ek2S-IDiMvziDJjAzfhqk54h7Q3n73n7-hjQRV9qqyiRs9N9Zm8ozlSfz_P6g_ntuzl2p1kyc-St2spwUJPeRWhe267fMLJavoYlfOQxhkHrTSuyjG83mfCP-GKJUcvUz5Y9nx4RUcJEJqvQe9AE6qTo6jkjPj4jG3tpgSW94iTxMEfKMzrBJDUaH06w,,
